run_id,scenario,noise_level,noise_mode,noise_snr_db,provider_profile,provider_preset,provider_id,execution_mode,streaming_mode,sample_id,success,text,reference_text,normalized_reference_text,normalized_hypothesis_text,error_code,error_message,audio_duration_sec,metrics_json,audio_duration_sec,audio_duration_source,cer,confidence,cpu_percent,cpu_percent_mean,cpu_percent_peak,declared_audio_duration_sec,duration_mismatch_sec,end_to_end_latency_ms,end_to_end_rtf,estimated_cost_usd,failure_rate,first_partial_latency_ms,gpu_memory_mb,gpu_memory_mb_mean,gpu_memory_mb_peak,gpu_util_percent,gpu_util_percent_mean,gpu_util_percent_peak,inference_ms,measured_audio_duration_sec,memory_mb,memory_mb_mean,memory_mb_peak,model_load_ms,partial_count,per_utterance_latency_ms,postprocess_ms,preprocess_ms,provider_call_cold_start,provider_call_warm_start,provider_compute_latency_ms,provider_compute_rtf,provider_init_cold_start,provider_init_warm_start,provider_invocation_index,real_time_factor,sample_accuracy,success_rate,time_to_final_result_ms,time_to_first_result_ms,time_to_result_ms,total_latency_ms,wer,quality_reference_word_count,quality_reference_char_count,quality_word_edits,quality_char_edits,quality_exact_match,quality_wer,quality_cer
bench_20260413T135413Z_f6678c02,clean_baseline,clean,none,,providers/aws_cloud,standard,aws,batch,none,sample_vosk_numbers,True,100019021001803.,10001 90210 01803,10001 90210 01803,100019021001803,,,8.308,"{""cer"": 0.0, ""estimated_cost_usd"": 0.0033231999999999997, ""failure_rate"": 0.0, ""per_utterance_latency_ms"": 8810.686863027513, ""real_time_factor"": 1.0605063629065374, ""sample_accuracy"": 0.0, ""success_rate"": 1.0, ""total_latency_ms"": 8810.686863027513, ""wer"": 1.0, ""confidence"": 0.965, ""preprocess_ms"": 0.006793008651584387, ""inference_ms"": 8810.369257000275, ""postprocess_ms"": 0.3108130185864866, ""model_load_ms"": 109.226106, ""provider_init_cold_start"": true, ""provider_init_warm_start"": false, ""provider_call_cold_start"": true, ""provider_call_warm_start"": false, ""provider_invocation_index"": 1, ""audio_duration_sec"": 8.308, ""measured_audio_duration_sec"": 8.308, ""declared_audio_duration_sec"": 8.308, ""duration_mismatch_sec"": 0.0, ""audio_duration_source"": ""measured_file"", ""provider_compute_latency_ms"": 8810.686863027513, ""end_to_end_latency_ms"": 10916.525981971063, ""time_to_first_result_ms"": 10916.525981971063, ""time_to_final_result_ms"": 10916.525981971063, ""partial_count"": 0, ""first_partial_latency_ms"": 0.0, ""provider_compute_rtf"": 1.0605063629065374, ""end_to_end_rtf"": 1.3139776097702291, ""time_to_result_ms"": 10916.525981971063, ""cpu_percent_mean"": 23.430909090909093, ""cpu_percent_peak"": 100.0, ""memory_mb_mean"": 118.16889204545454, ""memory_mb_peak"": 119.0703125, ""gpu_util_percent_mean"": 3.2972972972972974, ""gpu_util_percent_peak"": 20.0, ""gpu_memory_mb_mean"": 998.0, ""gpu_memory_mb_peak"": 1030.0, ""cpu_percent"": 23.430909090909093, ""memory_mb"": 118.16889204545454, ""gpu_util_percent"": 3.2972972972972974, ""gpu_memory_mb"": 998.0}",8.308,measured_file,0.0,0.965,23.430909090909093,23.430909090909093,100.0,8.308,0.0,10916.525981971063,1.3139776097702291,0.0033231999999999997,0.0,0.0,998.0,998.0,1030.0,3.2972972972972974,3.2972972972972974,20.0,8810.369257000275,8.308,118.16889204545454,118.16889204545454,119.0703125,109.226106,0,8810.686863027513,0.3108130185864866,0.006793008651584387,True,False,8810.686863027513,1.0605063629065374,True,False,1,1.0605063629065374,0.0,1.0,10916.525981971063,10916.525981971063,10916.525981971063,8810.686863027513,1.0,3,15,3,0,False,1.0,0.0
bench_20260413T135413Z_f6678c02,clean_baseline,medium,pink,20.0,providers/aws_cloud,standard,aws,batch,none,sample_vosk_numbers,True,"10001 90,210 01803",10001 90210 01803,10001 90210 01803,10001 90210 01803,,,8.308,"{""cer"": 0.0, ""estimated_cost_usd"": 0.0033231999999999997, ""failure_rate"": 0.0, ""per_utterance_latency_ms"": 8755.479529965669, ""real_time_factor"": 1.0538612818928346, ""sample_accuracy"": 1.0, ""success_rate"": 1.0, ""total_latency_ms"": 8755.479529965669, ""wer"": 0.0, ""confidence"": 0.9936666666666666, ""preprocess_ms"": 0.014897959772497416, ""inference_ms"": 8755.161993962247, ""postprocess_ms"": 0.30263804364949465, ""model_load_ms"": 109.226106, ""provider_init_cold_start"": true, ""provider_init_warm_start"": false, ""provider_call_cold_start"": false, ""provider_call_warm_start"": true, ""provider_invocation_index"": 2, ""audio_duration_sec"": 8.308, ""measured_audio_duration_sec"": 8.308, ""declared_audio_duration_sec"": 8.308, ""duration_mismatch_sec"": 0.0, ""audio_duration_source"": ""measured_file"", ""provider_compute_latency_ms"": 8755.479529965669, ""end_to_end_latency_ms"": 10278.648721054196, ""time_to_first_result_ms"": 10278.648721054196, ""time_to_final_result_ms"": 10278.648721054196, ""partial_count"": 0, ""first_partial_latency_ms"": 0.0, ""provider_compute_rtf"": 1.0538612818928346, ""end_to_end_rtf"": 1.2371989312775875, ""time_to_result_ms"": 10278.648721054196, ""cpu_percent_mean"": 22.377669902912622, ""cpu_percent_peak"": 57.2, ""memory_mb_mean"": 133.6347087378641, ""memory_mb_peak"": 133.828125, ""gpu_util_percent_mean"": 2.1714285714285713, ""gpu_util_percent_peak"": 21.0, ""gpu_memory_mb_mean"": 1004.0571428571428, ""gpu_memory_mb_peak"": 1030.0, ""cpu_percent"": 22.377669902912622, ""memory_mb"": 133.6347087378641, ""gpu_util_percent"": 2.1714285714285713, ""gpu_memory_mb"": 1004.0571428571428}",8.308,measured_file,0.0,0.9936666666666666,22.377669902912622,22.377669902912622,57.2,8.308,0.0,10278.648721054196,1.2371989312775875,0.0033231999999999997,0.0,0.0,1004.0571428571428,1004.0571428571428,1030.0,2.1714285714285713,2.1714285714285713,21.0,8755.161993962247,8.308,133.6347087378641,133.6347087378641,133.828125,109.226106,0,8755.479529965669,0.30263804364949465,0.014897959772497416,False,True,8755.479529965669,1.0538612818928346,True,False,2,1.0538612818928346,1.0,1.0,10278.648721054196,10278.648721054196,10278.648721054196,8755.479529965669,0.0,3,15,0,0,True,0.0,0.0
bench_20260413T135413Z_f6678c02,clean_baseline,extreme,pink,0.0,providers/aws_cloud,standard,aws,batch,none,sample_vosk_numbers,True,"10001 90,210 01803",10001 90210 01803,10001 90210 01803,10001 90210 01803,,,8.308,"{""cer"": 0.0, ""estimated_cost_usd"": 0.0033231999999999997, ""failure_rate"": 0.0, ""per_utterance_latency_ms"": 8635.288554010913, ""real_time_factor"": 1.039394385412965, ""sample_accuracy"": 1.0, ""success_rate"": 1.0, ""total_latency_ms"": 8635.288554010913, ""wer"": 0.0, ""confidence"": 0.9913333333333334, ""preprocess_ms"": 0.007794005796313286, ""inference_ms"": 8635.012576007284, ""postprocess_ms"": 0.2681839978322387, ""model_load_ms"": 109.226106, ""provider_init_cold_start"": true, ""provider_init_warm_start"": false, ""provider_call_cold_start"": false, ""provider_call_warm_start"": true, ""provider_invocation_index"": 3, ""audio_duration_sec"": 8.308, ""measured_audio_duration_sec"": 8.308, ""declared_audio_duration_sec"": 8.308, ""duration_mismatch_sec"": 0.0, ""audio_duration_source"": ""measured_file"", ""provider_compute_latency_ms"": 8635.288554010913, ""end_to_end_latency_ms"": 10211.384663998615, ""time_to_first_result_ms"": 10211.384663998615, ""time_to_final_result_ms"": 10211.384663998615, ""partial_count"": 0, ""first_partial_latency_ms"": 0.0, ""provider_compute_rtf"": 1.039394385412965, ""end_to_end_rtf"": 1.2291026316801414, ""time_to_result_ms"": 10211.384663998615, ""cpu_percent_mean"": 22.03921568627451, ""cpu_percent_peak"": 54.7, ""memory_mb_mean"": 146.20653339460785, ""memory_mb_peak"": 146.33203125, ""gpu_util_percent_mean"": 1.5294117647058822, ""gpu_util_percent_peak"": 16.0, ""gpu_memory_mb_mean"": 1002.7058823529412, ""gpu_memory_mb_peak"": 1030.0, ""cpu_percent"": 22.03921568627451, ""memory_mb"": 146.20653339460785, ""gpu_util_percent"": 1.5294117647058822, ""gpu_memory_mb"": 1002.7058823529412}",8.308,measured_file,0.0,0.9913333333333334,22.03921568627451,22.03921568627451,54.7,8.308,0.0,10211.384663998615,1.2291026316801414,0.0033231999999999997,0.0,0.0,1002.7058823529412,1002.7058823529412,1030.0,1.5294117647058822,1.5294117647058822,16.0,8635.012576007284,8.308,146.20653339460785,146.20653339460785,146.33203125,109.226106,0,8635.288554010913,0.2681839978322387,0.007794005796313286,False,True,8635.288554010913,1.039394385412965,True,False,3,1.039394385412965,1.0,1.0,10211.384663998615,10211.384663998615,10211.384663998615,8635.288554010913,0.0,3,15,0,0,True,0.0,0.0
bench_20260413T135413Z_f6678c02,clean_baseline,clean,none,,providers/azure_cloud,standard,azure,batch,none,sample_vosk_numbers,True,10001.,10001 90210 01803,10001 90210 01803,10001,,,8.308,"{""cer"": 0.6666666666666666, ""estimated_cost_usd"": 0.0024923999999999997, ""failure_rate"": 0.0, ""per_utterance_latency_ms"": 943.6989920213819, ""real_time_factor"": 0.1135891901807152, ""sample_accuracy"": 0.0, ""success_rate"": 1.0, ""total_latency_ms"": 943.6989920213819, ""wer"": 0.6666666666666666, ""confidence"": 0.8921391, ""preprocess_ms"": 106.44761996809393, ""inference_ms"": 837.1656110393815, ""postprocess_ms"": 0.08576101390644908, ""model_load_ms"": 2.73349, ""provider_init_cold_start"": true, ""provider_init_warm_start"": false, ""provider_call_cold_start"": true, ""provider_call_warm_start"": false, ""provider_invocation_index"": 1, ""audio_duration_sec"": 8.308, ""measured_audio_duration_sec"": 8.308, ""declared_audio_duration_sec"": 8.308, ""duration_mismatch_sec"": 0.0, ""audio_duration_source"": ""measured_file"", ""provider_compute_latency_ms"": 943.6989920213819, ""end_to_end_latency_ms"": 1984.229723981116, ""time_to_first_result_ms"": 1984.229723981116, ""time_to_final_result_ms"": 1984.229723981116, ""partial_count"": 0, ""first_partial_latency_ms"": 0.0, ""provider_compute_rtf"": 0.1135891901807152, ""end_to_end_rtf"": 0.23883362108583486, ""time_to_result_ms"": 1984.229723981116, ""cpu_percent_mean"": 23.794999999999998, ""cpu_percent_peak"": 46.0, ""memory_mb_mean"": 155.4564453125, ""memory_mb_peak"": 156.11328125, ""gpu_util_percent_mean"": 0.0, ""gpu_util_percent_peak"": 0.0, ""gpu_memory_mb_mean"": 991.7142857142857, ""gpu_memory_mb_peak"": 992.0, ""cpu_percent"": 23.794999999999998, ""memory_mb"": 155.4564453125, ""gpu_util_percent"": 0.0, ""gpu_memory_mb"": 991.7142857142857}",8.308,measured_file,0.6666666666666666,0.8921391,23.794999999999998,23.794999999999998,46.0,8.308,0.0,1984.229723981116,0.23883362108583486,0.0024923999999999997,0.0,0.0,991.7142857142857,991.7142857142857,992.0,0.0,0.0,0.0,837.1656110393815,8.308,155.4564453125,155.4564453125,156.11328125,2.73349,0,943.6989920213819,0.08576101390644908,106.44761996809393,True,False,943.6989920213819,0.1135891901807152,True,False,1,0.1135891901807152,0.0,1.0,1984.229723981116,1984.229723981116,1984.229723981116,943.6989920213819,0.6666666666666666,3,15,2,10,False,0.6666666666666666,0.6666666666666666
bench_20260413T135413Z_f6678c02,clean_baseline,medium,pink,20.0,providers/azure_cloud,standard,azure,batch,none,sample_vosk_numbers,True,10001.,10001 90210 01803,10001 90210 01803,10001,,,8.308,"{""cer"": 0.6666666666666666, ""estimated_cost_usd"": 0.0024923999999999997, ""failure_rate"": 0.0, ""per_utterance_latency_ms"": 738.5686649940908, ""real_time_factor"": 0.08889849121257713, ""sample_accuracy"": 0.0, ""success_rate"": 1.0, ""total_latency_ms"": 738.5686649940908, ""wer"": 0.6666666666666666, ""confidence"": 0.8797569, ""preprocess_ms"": 0.011891999747604132, ""inference_ms"": 738.4437510045245, ""postprocess_ms"": 0.1130219898186624, ""model_load_ms"": 2.73349, ""provider_init_cold_start"": true, ""provider_init_warm_start"": false, ""provider_call_cold_start"": false, ""provider_call_warm_start"": true, ""provider_invocation_index"": 2, ""audio_duration_sec"": 8.308, ""measured_audio_duration_sec"": 8.308, ""declared_audio_duration_sec"": 8.308, ""duration_mismatch_sec"": 0.0, ""audio_duration_source"": ""measured_file"", ""provider_compute_latency_ms"": 738.5686649940908, ""end_to_end_latency_ms"": 782.4527299962938, ""time_to_first_result_ms"": 782.4527299962938, ""time_to_final_result_ms"": 782.4527299962938, ""partial_count"": 0, ""first_partial_latency_ms"": 0.0, ""provider_compute_rtf"": 0.08889849121257713, ""end_to_end_rtf"": 0.09418063673523036, ""time_to_result_ms"": 782.4527299962938, ""cpu_percent_mean"": 25.85, ""cpu_percent_peak"": 41.8, ""memory_mb_mean"": 163.12353515625, ""memory_mb_peak"": 163.37109375, ""gpu_util_percent_mean"": 0.0, ""gpu_util_percent_peak"": 0.0, ""gpu_memory_mb_mean"": 990.0, ""gpu_memory_mb_peak"": 990.0, ""cpu_percent"": 25.85, ""memory_mb"": 163.12353515625, ""gpu_util_percent"": 0.0, ""gpu_memory_mb"": 990.0}",8.308,measured_file,0.6666666666666666,0.8797569,25.85,25.85,41.8,8.308,0.0,782.4527299962938,0.09418063673523036,0.0024923999999999997,0.0,0.0,990.0,990.0,990.0,0.0,0.0,0.0,738.4437510045245,8.308,163.12353515625,163.12353515625,163.37109375,2.73349,0,738.5686649940908,0.1130219898186624,0.011891999747604132,False,True,738.5686649940908,0.08889849121257713,True,False,2,0.08889849121257713,0.0,1.0,782.4527299962938,782.4527299962938,782.4527299962938,738.5686649940908,0.6666666666666666,3,15,2,10,False,0.6666666666666666,0.6666666666666666
bench_20260413T135413Z_f6678c02,clean_baseline,extreme,pink,0.0,providers/azure_cloud,standard,azure,batch,none,sample_vosk_numbers,True,10001.,10001 90210 01803,10001 90210 01803,10001,,,8.308,"{""cer"": 0.6666666666666666, ""estimated_cost_usd"": 0.0024923999999999997, ""failure_rate"": 0.0, ""per_utterance_latency_ms"": 591.8832230381668, ""real_time_factor"": 0.07124256415962528, ""sample_accuracy"": 0.0, ""success_rate"": 1.0, ""total_latency_ms"": 591.8832230381668, ""wer"": 0.6666666666666666, ""confidence"": 0.92788947, ""preprocess_ms"": 0.008856994099915028, ""inference_ms"": 591.7931140284054, ""postprocess_ms"": 0.08125201566144824, ""model_load_ms"": 2.73349, ""provider_init_cold_start"": true, ""provider_init_warm_start"": false, ""provider_call_cold_start"": false, ""provider_call_warm_start"": true, ""provider_invocation_index"": 3, ""audio_duration_sec"": 8.308, ""measured_audio_duration_sec"": 8.308, ""declared_audio_duration_sec"": 8.308, ""duration_mismatch_sec"": 0.0, ""audio_duration_source"": ""measured_file"", ""provider_compute_latency_ms"": 591.8832230381668, ""end_to_end_latency_ms"": 645.6996609922498, ""time_to_first_result_ms"": 645.6996609922498, ""time_to_final_result_ms"": 645.6996609922498, ""partial_count"": 0, ""first_partial_latency_ms"": 0.0, ""provider_compute_rtf"": 0.07124256415962528, ""end_to_end_rtf"": 0.07772022881466657, ""time_to_result_ms"": 645.6996609922498, ""cpu_percent_mean"": 18.0, ""cpu_percent_peak"": 36.9, ""memory_mb_mean"": 164.54241071428572, ""memory_mb_peak"": 164.59765625, ""gpu_util_percent_mean"": 18.666666666666668, ""gpu_util_percent_peak"": 56.0, ""gpu_memory_mb_mean"": 1029.0, ""gpu_memory_mb_peak"": 1029.0, ""cpu_percent"": 18.0, ""memory_mb"": 164.54241071428572, ""gpu_util_percent"": 18.666666666666668, ""gpu_memory_mb"": 1029.0}",8.308,measured_file,0.6666666666666666,0.92788947,18.0,18.0,36.9,8.308,0.0,645.6996609922498,0.07772022881466657,0.0024923999999999997,0.0,0.0,1029.0,1029.0,1029.0,18.666666666666668,18.666666666666668,56.0,591.7931140284054,8.308,164.54241071428572,164.54241071428572,164.59765625,2.73349,0,591.8832230381668,0.08125201566144824,0.008856994099915028,False,True,591.8832230381668,0.07124256415962528,True,False,3,0.07124256415962528,0.0,1.0,645.6996609922498,645.6996609922498,645.6996609922498,591.8832230381668,0.6666666666666666,3,15,2,10,False,0.6666666666666666,0.6666666666666666
bench_20260413T135413Z_f6678c02,clean_baseline,clean,none,,providers/google_cloud,accurate,google,batch,none,sample_vosk_numbers,True,1001 90210 018003,10001 90210 01803,10001 90210 01803,1001 90210 018003,,,8.308,"{""cer"": 0.13333333333333333, ""estimated_cost_usd"": 0.0, ""failure_rate"": 0.0, ""per_utterance_latency_ms"": 2763.8608829583973, ""real_time_factor"": 0.3326746368510348, ""sample_accuracy"": 0.0, ""success_rate"": 1.0, ""total_latency_ms"": 2763.8608829583973, ""wer"": 0.6666666666666666, ""confidence"": 0.482435276110967, ""preprocess_ms"": 1159.6770539763384, ""inference_ms"": 1604.18354900321, ""postprocess_ms"": 0.00027997884899377823, ""model_load_ms"": 1.291695, ""provider_init_cold_start"": true, ""provider_init_warm_start"": false, ""provider_call_cold_start"": true, ""provider_call_warm_start"": false, ""provider_invocation_index"": 1, ""audio_duration_sec"": 8.308, ""measured_audio_duration_sec"": 8.308, ""declared_audio_duration_sec"": 8.308, ""duration_mismatch_sec"": 0.0, ""audio_duration_source"": ""measured_file"", ""provider_compute_latency_ms"": 2763.8608829583973, ""end_to_end_latency_ms"": 2764.780479017645, ""time_to_first_result_ms"": 2764.780479017645, ""time_to_final_result_ms"": 2764.780479017645, ""partial_count"": 0, ""first_partial_latency_ms"": 0.0, ""provider_compute_rtf"": 0.3326746368510348, ""end_to_end_rtf"": 0.3327853248697214, ""time_to_result_ms"": 2764.780479017645, ""cpu_percent_mean"": 25.0, ""cpu_percent_peak"": 44.4, ""memory_mb_mean"": 185.8062789351852, ""memory_mb_peak"": 193.703125, ""gpu_util_percent_mean"": 0.1111111111111111, ""gpu_util_percent_peak"": 1.0, ""gpu_memory_mb_mean"": 1011.2222222222222, ""gpu_memory_mb_peak"": 1029.0, ""cpu_percent"": 25.0, ""memory_mb"": 185.8062789351852, ""gpu_util_percent"": 0.1111111111111111, ""gpu_memory_mb"": 1011.2222222222222}",8.308,measured_file,0.13333333333333333,0.482435276110967,25.0,25.0,44.4,8.308,0.0,2764.780479017645,0.3327853248697214,0.0,0.0,0.0,1011.2222222222222,1011.2222222222222,1029.0,0.1111111111111111,0.1111111111111111,1.0,1604.18354900321,8.308,185.8062789351852,185.8062789351852,193.703125,1.291695,0,2763.8608829583973,0.00027997884899377823,1159.6770539763384,True,False,2763.8608829583973,0.3326746368510348,True,False,1,0.3326746368510348,0.0,1.0,2764.780479017645,2764.780479017645,2764.780479017645,2763.8608829583973,0.6666666666666666,3,15,2,2,False,0.6666666666666666,0.13333333333333333
bench_20260413T135413Z_f6678c02,clean_baseline,medium,pink,20.0,providers/google_cloud,accurate,google,batch,none,sample_vosk_numbers,True,1001 90210 01803,10001 90210 01803,10001 90210 01803,1001 90210 01803,,,8.308,"{""cer"": 0.06666666666666667, ""estimated_cost_usd"": 0.0, ""failure_rate"": 0.0, ""per_utterance_latency_ms"": 1583.4514949820004, ""real_time_factor"": 0.1905935838928744, ""sample_accuracy"": 0.0, ""success_rate"": 1.0, ""total_latency_ms"": 1583.4514949820004, ""wer"": 0.3333333333333333, ""confidence"": 0.5762808720270792, ""preprocess_ms"": 0.3142890054732561, ""inference_ms"": 1583.1367449718527, ""postprocess_ms"": 0.00046100467443466187, ""model_load_ms"": 1.291695, ""provider_init_cold_start"": true, ""provider_init_warm_start"": false, ""provider_call_cold_start"": false, ""provider_call_warm_start"": true, ""provider_invocation_index"": 2, ""audio_duration_sec"": 8.308, ""measured_audio_duration_sec"": 8.308, ""declared_audio_duration_sec"": 8.308, ""duration_mismatch_sec"": 0.0, ""audio_duration_source"": ""measured_file"", ""provider_compute_latency_ms"": 1583.4514949820004, ""end_to_end_latency_ms"": 1584.0750859933905, ""time_to_first_result_ms"": 1584.0750859933905, ""time_to_final_result_ms"": 1584.0750859933905, ""partial_count"": 0, ""first_partial_latency_ms"": 0.0, ""provider_compute_rtf"": 0.1905935838928744, ""end_to_end_rtf"": 0.19066864299390834, ""time_to_result_ms"": 1584.0750859933905, ""cpu_percent_mean"": 21.80625, ""cpu_percent_peak"": 33.8, ""memory_mb_mean"": 193.84765625, ""memory_mb_peak"": 193.84765625, ""gpu_util_percent_mean"": 5.666666666666667, ""gpu_util_percent_peak"": 34.0, ""gpu_memory_mb_mean"": 997.3333333333334, ""gpu_memory_mb_peak"": 1031.0, ""cpu_percent"": 21.80625, ""memory_mb"": 193.84765625, ""gpu_util_percent"": 5.666666666666667, ""gpu_memory_mb"": 997.3333333333334}",8.308,measured_file,0.06666666666666667,0.5762808720270792,21.80625,21.80625,33.8,8.308,0.0,1584.0750859933905,0.19066864299390834,0.0,0.0,0.0,997.3333333333334,997.3333333333334,1031.0,5.666666666666667,5.666666666666667,34.0,1583.1367449718527,8.308,193.84765625,193.84765625,193.84765625,1.291695,0,1583.4514949820004,0.00046100467443466187,0.3142890054732561,False,True,1583.4514949820004,0.1905935838928744,True,False,2,0.1905935838928744,0.0,1.0,1584.0750859933905,1584.0750859933905,1584.0750859933905,1583.4514949820004,0.3333333333333333,3,15,1,1,False,0.3333333333333333,0.06666666666666667
bench_20260413T135413Z_f6678c02,clean_baseline,extreme,pink,0.0,providers/google_cloud,accurate,google,batch,none,sample_vosk_numbers,True,10001 90210 018003,10001 90210 01803,10001 90210 01803,10001 90210 018003,,,8.308,"{""cer"": 0.06666666666666667, ""estimated_cost_usd"": 0.0, ""failure_rate"": 0.0, ""per_utterance_latency_ms"": 1454.804289038293, ""real_time_factor"": 0.1751088455751436, ""sample_accuracy"": 0.0, ""success_rate"": 1.0, ""total_latency_ms"": 1454.804289038293, ""wer"": 0.3333333333333333, ""confidence"": 0.46844228108723956, ""preprocess_ms"": 0.5517959943972528, ""inference_ms"": 1454.2523430427536, ""postprocess_ms"": 0.0001500011421740055, ""model_load_ms"": 1.291695, ""provider_init_cold_start"": true, ""provider_init_warm_start"": false, ""provider_call_cold_start"": false, ""provider_call_warm_start"": true, ""provider_invocation_index"": 3, ""audio_duration_sec"": 8.308, ""measured_audio_duration_sec"": 8.308, ""declared_audio_duration_sec"": 8.308, ""duration_mismatch_sec"": 0.0, ""audio_duration_source"": ""measured_file"", ""provider_compute_latency_ms"": 1454.804289038293, ""end_to_end_latency_ms"": 1455.5257139727473, ""time_to_first_result_ms"": 1455.5257139727473, ""time_to_final_result_ms"": 1455.5257139727473, ""partial_count"": 0, ""first_partial_latency_ms"": 0.0, ""provider_compute_rtf"": 0.1751088455751436, ""end_to_end_rtf"": 0.17519568054558826, ""time_to_result_ms"": 1455.5257139727473, ""cpu_percent_mean"": 20.39333333333333, ""cpu_percent_peak"": 47.5, ""memory_mb_mean"": 193.84765625, ""memory_mb_peak"": 193.84765625, ""gpu_util_percent_mean"": 6.8, ""gpu_util_percent_peak"": 34.0, ""gpu_memory_mb_mean"": 1031.0, ""gpu_memory_mb_peak"": 1031.0, ""cpu_percent"": 20.39333333333333, ""memory_mb"": 193.84765625, ""gpu_util_percent"": 6.8, ""gpu_memory_mb"": 1031.0}",8.308,measured_file,0.06666666666666667,0.46844228108723956,20.39333333333333,20.39333333333333,47.5,8.308,0.0,1455.5257139727473,0.17519568054558826,0.0,0.0,0.0,1031.0,1031.0,1031.0,6.8,6.8,34.0,1454.2523430427536,8.308,193.84765625,193.84765625,193.84765625,1.291695,0,1454.804289038293,0.0001500011421740055,0.5517959943972528,False,True,1454.804289038293,0.1751088455751436,True,False,3,0.1751088455751436,0.0,1.0,1455.5257139727473,1455.5257139727473,1455.5257139727473,1454.804289038293,0.3333333333333333,3,15,1,1,False,0.3333333333333333,0.06666666666666667
bench_20260413T135413Z_f6678c02,clean_baseline,clean,none,,providers/vosk_local,en_small,vosk,batch,none,sample_vosk_numbers,True,one zero zero zero one nine oh two i no zero one eight zero three,10001 90210 01803,10001 90210 01803,one zero zero zero one nine oh two i no zero one eight zero three,,,8.308,"{""cer"": 3.4, ""estimated_cost_usd"": 0.0, ""failure_rate"": 0.0, ""per_utterance_latency_ms"": 1400.723425031174, ""real_time_factor"": 0.1685993530369733, ""sample_accuracy"": 0.0, ""success_rate"": 1.0, ""total_latency_ms"": 1400.723425031174, ""wer"": 5.0, ""confidence"": 0.9068938000000001, ""preprocess_ms"": 490.7628310029395, ""inference_ms"": 909.8702440387569, ""postprocess_ms"": 0.09034998947754502, ""model_load_ms"": 0.923273, ""provider_init_cold_start"": true, ""provider_init_warm_start"": false, ""provider_call_cold_start"": true, ""provider_call_warm_start"": false, ""provider_invocation_index"": 1, ""audio_duration_sec"": 8.308, ""measured_audio_duration_sec"": 8.308, ""declared_audio_duration_sec"": 8.308, ""duration_mismatch_sec"": 0.0, ""audio_duration_source"": ""measured_file"", ""provider_compute_latency_ms"": 1400.723425031174, ""end_to_end_latency_ms"": 1408.9054020005278, ""time_to_first_result_ms"": 1408.9054020005278, ""time_to_final_result_ms"": 1408.9054020005278, ""partial_count"": 0, ""first_partial_latency_ms"": 0.0, ""provider_compute_rtf"": 0.1685993530369733, ""end_to_end_rtf"": 0.16958418415990947, ""time_to_result_ms"": 1408.9054020005278, ""cpu_percent_mean"": 25.133333333333333, ""cpu_percent_peak"": 36.1, ""memory_mb_mean"": 302.25546875, ""memory_mb_peak"": 345.70703125, ""gpu_util_percent_mean"": 0.0, ""gpu_util_percent_peak"": 0.0, ""gpu_memory_mb_mean"": 993.4, ""gpu_memory_mb_peak"": 996.0, ""cpu_percent"": 25.133333333333333, ""memory_mb"": 302.25546875, ""gpu_util_percent"": 0.0, ""gpu_memory_mb"": 993.4}",8.308,measured_file,3.4,0.9068938000000001,25.133333333333333,25.133333333333333,36.1,8.308,0.0,1408.9054020005278,0.16958418415990947,0.0,0.0,0.0,993.4,993.4,996.0,0.0,0.0,0.0,909.8702440387569,8.308,302.25546875,302.25546875,345.70703125,0.923273,0,1400.723425031174,0.09034998947754502,490.7628310029395,True,False,1400.723425031174,0.1685993530369733,True,False,1,0.1685993530369733,0.0,1.0,1408.9054020005278,1408.9054020005278,1408.9054020005278,1400.723425031174,5.0,3,15,15,51,False,5.0,3.4
bench_20260413T135413Z_f6678c02,clean_baseline,medium,pink,20.0,providers/vosk_local,en_small,vosk,batch,none,sample_vosk_numbers,True,one zero zero zero one nine oh two i no zero one eight zero three,10001 90210 01803,10001 90210 01803,one zero zero zero one nine oh two i no zero one eight zero three,,,8.308,"{""cer"": 3.4, ""estimated_cost_usd"": 0.0, ""failure_rate"": 0.0, ""per_utterance_latency_ms"": 907.0984010468237, ""real_time_factor"": 0.10918372665464898, ""sample_accuracy"": 0.0, ""success_rate"": 1.0, ""total_latency_ms"": 907.0984010468237, ""wer"": 5.0, ""confidence"": 0.9045271333333333, ""preprocess_ms"": 0.010540010407567024, ""inference_ms"": 906.9317179964855, ""postprocess_ms"": 0.15614303993061185, ""model_load_ms"": 0.923273, ""provider_init_cold_start"": true, ""provider_init_warm_start"": false, ""provider_call_cold_start"": false, ""provider_call_warm_start"": true, ""provider_invocation_index"": 2, ""audio_duration_sec"": 8.308, ""measured_audio_duration_sec"": 8.308, ""declared_audio_duration_sec"": 8.308, ""duration_mismatch_sec"": 0.0, ""audio_duration_source"": ""measured_file"", ""provider_compute_latency_ms"": 907.0984010468237, ""end_to_end_latency_ms"": 923.568042984698, ""time_to_first_result_ms"": 923.568042984698, ""time_to_final_result_ms"": 923.568042984698, ""partial_count"": 0, ""first_partial_latency_ms"": 0.0, ""provider_compute_rtf"": 0.10918372665464898, ""end_to_end_rtf"": 0.11116611013296798, ""time_to_result_ms"": 923.568042984698, ""cpu_percent_mean"": 25.619999999999997, ""cpu_percent_peak"": 41.4, ""memory_mb_mean"": 345.53671875, ""memory_mb_peak"": 349.7578125, ""gpu_util_percent_mean"": 0.0, ""gpu_util_percent_peak"": 0.0, ""gpu_memory_mb_mean"": 995.25, ""gpu_memory_mb_peak"": 996.0, ""cpu_percent"": 25.619999999999997, ""memory_mb"": 345.53671875, ""gpu_util_percent"": 0.0, ""gpu_memory_mb"": 995.25}",8.308,measured_file,3.4,0.9045271333333333,25.619999999999997,25.619999999999997,41.4,8.308,0.0,923.568042984698,0.11116611013296798,0.0,0.0,0.0,995.25,995.25,996.0,0.0,0.0,0.0,906.9317179964855,8.308,345.53671875,345.53671875,349.7578125,0.923273,0,907.0984010468237,0.15614303993061185,0.010540010407567024,False,True,907.0984010468237,0.10918372665464898,True,False,2,0.10918372665464898,0.0,1.0,923.568042984698,923.568042984698,923.568042984698,907.0984010468237,5.0,3,15,15,51,False,5.0,3.4
bench_20260413T135413Z_f6678c02,clean_baseline,extreme,pink,0.0,providers/vosk_local,en_small,vosk,batch,none,sample_vosk_numbers,True,one zero zero zero one two one zero one eight zero three,10001 90210 01803,10001 90210 01803,one zero zero zero one two one zero one eight zero three,,,8.308,"{""cer"": 3.0, ""estimated_cost_usd"": 0.0, ""failure_rate"": 0.0, ""per_utterance_latency_ms"": 1090.8254029345699, ""real_time_factor"": 0.1312981948645366, ""sample_accuracy"": 0.0, ""success_rate"": 1.0, ""total_latency_ms"": 1090.8254029345699, ""wer"": 4.0, ""confidence"": 0.9668580833333333, ""preprocess_ms"": 0.009117007721215487, ""inference_ms"": 1090.734151948709, ""postprocess_ms"": 0.0821339781396091, ""model_load_ms"": 0.923273, ""provider_init_cold_start"": true, ""provider_init_warm_start"": false, ""provider_call_cold_start"": false, ""provider_call_warm_start"": true, ""provider_invocation_index"": 3, ""audio_duration_sec"": 8.308, ""measured_audio_duration_sec"": 8.308, ""declared_audio_duration_sec"": 8.308, ""duration_mismatch_sec"": 0.0, ""audio_duration_source"": ""measured_file"", ""provider_compute_latency_ms"": 1090.8254029345699, ""end_to_end_latency_ms"": 1102.4070010171272, ""time_to_first_result_ms"": 1102.4070010171272, ""time_to_final_result_ms"": 1102.4070010171272, ""partial_count"": 0, ""first_partial_latency_ms"": 0.0, ""provider_compute_rtf"": 0.1312981948645366, ""end_to_end_rtf"": 0.1326922244844881, ""time_to_result_ms"": 1102.4070010171272, ""cpu_percent_mean"": 24.458333333333332, ""cpu_percent_peak"": 37.5, ""memory_mb_mean"": 350.431640625, ""memory_mb_peak"": 353.828125, ""gpu_util_percent_mean"": 0.5, ""gpu_util_percent_peak"": 1.0, ""gpu_memory_mb_mean"": 1013.5, ""gpu_memory_mb_peak"": 1032.0, ""cpu_percent"": 24.458333333333332, ""memory_mb"": 350.431640625, ""gpu_util_percent"": 0.5, ""gpu_memory_mb"": 1013.5}",8.308,measured_file,3.0,0.9668580833333333,24.458333333333332,24.458333333333332,37.5,8.308,0.0,1102.4070010171272,0.1326922244844881,0.0,0.0,0.0,1013.5,1013.5,1032.0,0.5,0.5,1.0,1090.734151948709,8.308,350.431640625,350.431640625,353.828125,0.923273,0,1090.8254029345699,0.0821339781396091,0.009117007721215487,False,True,1090.8254029345699,0.1312981948645366,True,False,3,0.1312981948645366,0.0,1.0,1102.4070010171272,1102.4070010171272,1102.4070010171272,1090.8254029345699,4.0,3,15,12,45,False,4.0,3.0
bench_20260413T135413Z_f6678c02,clean_baseline,clean,none,,providers/whisper_local,accurate,whisper,batch,none,sample_vosk_numbers,True,1001 90210 01803,10001 90210 01803,10001 90210 01803,1001 90210 01803,,,8.308,"{""cer"": 0.06666666666666667, ""estimated_cost_usd"": 0.0, ""failure_rate"": 0.0, ""per_utterance_latency_ms"": 7558.169349038508, ""real_time_factor"": 0.9097459495713177, ""sample_accuracy"": 0.0, ""success_rate"": 1.0, ""total_latency_ms"": 7558.169349038508, ""wer"": 0.3333333333333333, ""confidence"": 0.8079353767362508, ""preprocess_ms"": 5166.253989038523, ""inference_ms"": 2391.8117359862663, ""postprocess_ms"": 0.10362401371821761, ""model_load_ms"": 0.819388, ""provider_init_cold_start"": true, ""provider_init_warm_start"": false, ""provider_call_cold_start"": true, ""provider_call_warm_start"": false, ""provider_invocation_index"": 1, ""audio_duration_sec"": 8.308, ""measured_audio_duration_sec"": 8.308, ""declared_audio_duration_sec"": 8.308, ""duration_mismatch_sec"": 0.0, ""audio_duration_source"": ""measured_file"", ""provider_compute_latency_ms"": 7558.169349038508, ""end_to_end_latency_ms"": 7558.478511055, ""time_to_first_result_ms"": 7558.478511055, ""time_to_final_result_ms"": 7558.478511055, ""partial_count"": 0, ""first_partial_latency_ms"": 0.0, ""provider_compute_rtf"": 0.9097459495713177, ""end_to_end_rtf"": 0.9097831621395042, ""time_to_result_ms"": 7558.478511055, ""cpu_percent_mean"": 34.6125, ""cpu_percent_peak"": 80.1, ""memory_mb_mean"": 1035.759548611111, ""memory_mb_peak"": 1576.59765625, ""gpu_util_percent_mean"": 0.0, ""gpu_util_percent_peak"": 0.0, ""gpu_memory_mb_mean"": 1008.6538461538462, ""gpu_memory_mb_peak"": 1033.0, ""cpu_percent"": 34.6125, ""memory_mb"": 1035.759548611111, ""gpu_util_percent"": 0.0, ""gpu_memory_mb"": 1008.6538461538462}",8.308,measured_file,0.06666666666666667,0.8079353767362508,34.6125,34.6125,80.1,8.308,0.0,7558.478511055,0.9097831621395042,0.0,0.0,0.0,1008.6538461538462,1008.6538461538462,1033.0,0.0,0.0,0.0,2391.8117359862663,8.308,1035.759548611111,1035.759548611111,1576.59765625,0.819388,0,7558.169349038508,0.10362401371821761,5166.253989038523,True,False,7558.169349038508,0.9097459495713177,True,False,1,0.9097459495713177,0.0,1.0,7558.478511055,7558.478511055,7558.478511055,7558.169349038508,0.3333333333333333,3,15,1,1,False,0.3333333333333333,0.06666666666666667
bench_20260413T135413Z_f6678c02,clean_baseline,medium,pink,20.0,providers/whisper_local,accurate,whisper,batch,none,sample_vosk_numbers,True,One zero zero zero one nine oh two one oh zero one eight zero three,10001 90210 01803,10001 90210 01803,one zero zero zero one nine oh two one oh zero one eight zero three,,,8.308,"{""cer"": 3.533333333333333, ""estimated_cost_usd"": 0.0, ""failure_rate"": 0.0, ""per_utterance_latency_ms"": 2159.4293609960005, ""real_time_factor"": 0.25992168524265774, ""sample_accuracy"": 0.0, ""success_rate"": 1.0, ""total_latency_ms"": 2159.4293609960005, ""wer"": 5.0, ""confidence"": 0.7657192875734634, ""preprocess_ms"": 0.010790012311190367, ""inference_ms"": 2159.050149959512, ""postprocess_ms"": 0.36842102417722344, ""model_load_ms"": 0.819388, ""provider_init_cold_start"": true, ""provider_init_warm_start"": false, ""provider_call_cold_start"": false, ""provider_call_warm_start"": true, ""provider_invocation_index"": 2, ""audio_duration_sec"": 8.308, ""measured_audio_duration_sec"": 8.308, ""declared_audio_duration_sec"": 8.308, ""duration_mismatch_sec"": 0.0, ""audio_duration_source"": ""measured_file"", ""provider_compute_latency_ms"": 2159.4293609960005, ""end_to_end_latency_ms"": 2159.7571069723926, ""time_to_first_result_ms"": 2159.7571069723926, ""time_to_final_result_ms"": 2159.7571069723926, ""partial_count"": 0, ""first_partial_latency_ms"": 0.0, ""provider_compute_rtf"": 0.25992168524265774, ""end_to_end_rtf"": 0.25996113468613297, ""time_to_result_ms"": 2159.7571069723926, ""cpu_percent_mean"": 44.75454545454546, ""cpu_percent_peak"": 89.4, ""memory_mb_mean"": 1488.7688210227273, ""memory_mb_peak"": 1642.7421875, ""gpu_util_percent_mean"": 0.0, ""gpu_util_percent_peak"": 0.0, ""gpu_memory_mb_mean"": 1009.0, ""gpu_memory_mb_peak"": 1033.0, ""cpu_percent"": 44.75454545454546, ""memory_mb"": 1488.7688210227273, ""gpu_util_percent"": 0.0, ""gpu_memory_mb"": 1009.0}",8.308,measured_file,3.533333333333333,0.7657192875734634,44.75454545454546,44.75454545454546,89.4,8.308,0.0,2159.7571069723926,0.25996113468613297,0.0,0.0,0.0,1009.0,1009.0,1033.0,0.0,0.0,0.0,2159.050149959512,8.308,1488.7688210227273,1488.7688210227273,1642.7421875,0.819388,0,2159.4293609960005,0.36842102417722344,0.010790012311190367,False,True,2159.4293609960005,0.25992168524265774,True,False,2,0.25992168524265774,0.0,1.0,2159.7571069723926,2159.7571069723926,2159.7571069723926,2159.4293609960005,5.0,3,15,15,53,False,5.0,3.533333333333333
bench_20260413T135413Z_f6678c02,clean_baseline,extreme,pink,0.0,providers/whisper_local,accurate,whisper,batch,none,sample_vosk_numbers,True,one zero zero zero one nine oh two one zero one eight zero three,10001 90210 01803,10001 90210 01803,one zero zero zero one nine oh two one zero one eight zero three,,,8.308,"{""cer"": 3.4, ""estimated_cost_usd"": 0.0, ""failure_rate"": 0.0, ""per_utterance_latency_ms"": 2333.651941968128, ""real_time_factor"": 0.28089214515745403, ""sample_accuracy"": 0.0, ""success_rate"": 1.0, ""total_latency_ms"": 2333.651941968128, ""wer"": 4.666666666666667, ""confidence"": 0.7341161169316255, ""preprocess_ms"": 0.008735980372875929, ""inference_ms"": 2333.0732159665786, ""postprocess_ms"": 0.5699900211766362, ""model_load_ms"": 0.819388, ""provider_init_cold_start"": true, ""provider_init_warm_start"": false, ""provider_call_cold_start"": false, ""provider_call_warm_start"": true, ""provider_invocation_index"": 3, ""audio_duration_sec"": 8.308, ""measured_audio_duration_sec"": 8.308, ""declared_audio_duration_sec"": 8.308, ""duration_mismatch_sec"": 0.0, ""audio_duration_source"": ""measured_file"", ""provider_compute_latency_ms"": 2333.651941968128, ""end_to_end_latency_ms"": 2334.040531946812, ""time_to_first_result_ms"": 2334.040531946812, ""time_to_final_result_ms"": 2334.040531946812, ""partial_count"": 0, ""first_partial_latency_ms"": 0.0, ""provider_compute_rtf"": 0.28089214515745403, ""end_to_end_rtf"": 0.28093891814477756, ""time_to_result_ms"": 2334.040531946812, ""cpu_percent_mean"": 52.475, ""cpu_percent_peak"": 89.5, ""memory_mb_mean"": 1488.9319661458333, ""memory_mb_peak"": 1642.76171875, ""gpu_util_percent_mean"": 6.75, ""gpu_util_percent_peak"": 27.0, ""gpu_memory_mb_mean"": 1013.75, ""gpu_memory_mb_peak"": 1033.0, ""cpu_percent"": 52.475, ""memory_mb"": 1488.9319661458333, ""gpu_util_percent"": 6.75, ""gpu_memory_mb"": 1013.75}",8.308,measured_file,3.4,0.7341161169316255,52.475,52.475,89.5,8.308,0.0,2334.040531946812,0.28093891814477756,0.0,0.0,0.0,1013.75,1013.75,1033.0,6.75,6.75,27.0,2333.0732159665786,8.308,1488.9319661458333,1488.9319661458333,1642.76171875,0.819388,0,2333.651941968128,0.5699900211766362,0.008735980372875929,False,True,2333.651941968128,0.28089214515745403,True,False,3,0.28089214515745403,0.0,1.0,2334.040531946812,2334.040531946812,2334.040531946812,2333.651941968128,4.666666666666667,3,15,14,51,False,4.666666666666667,3.4
