run_id,scenario,noise_level,noise_mode,noise_snr_db,provider_profile,provider_preset,provider_id,execution_mode,streaming_mode,sample_id,success,text,reference_text,normalized_reference_text,normalized_hypothesis_text,error_code,error_message,audio_duration_sec,metrics_json,cer,confidence,cpu_percent,estimated_cost_usd,failure_rate,gpu_memory_mb,gpu_util_percent,inference_ms,memory_mb,model_load_ms,per_utterance_latency_ms,postprocess_ms,preprocess_ms,provider_call_cold_start,provider_call_warm_start,provider_init_cold_start,provider_init_warm_start,provider_invocation_index,real_time_factor,sample_accuracy,success_rate,total_latency_ms,wer,quality_reference_word_count,quality_reference_char_count,quality_word_edits,quality_char_edits,quality_exact_match,quality_wer,quality_cer
bench_20260411T103533Z_908705d2,noise_robustness,clean,none,,providers/aws_cloud,standard,aws,batch,none,fleurs_en_us_12741024238657315067,True,"Unfortunately, studying traffic flow is difficult because driver behavior cannot be predicted with 100% certainty.",unfortunately studying traffic flow is difficult because driver behavior cannot be predicted with one-hundred percent certainty,unfortunately studying traffic flow is difficult because driver behavior cannot be predicted with onehundred percent certainty,unfortunately studying traffic flow is difficult because driver behavior cannot be predicted with 100 certainty,,,12.64,"{""cer"": 0.15315315315315314, ""estimated_cost_usd"": 0.005056, ""failure_rate"": 0.0, ""per_utterance_latency_ms"": 8995.167718996527, ""real_time_factor"": 0.7116430157433961, ""sample_accuracy"": 0.0, ""success_rate"": 1.0, ""total_latency_ms"": 8995.167718996527, ""wer"": 0.125, ""confidence"": 0.9995999999999999, ""preprocess_ms"": 0.006512011168524623, ""inference_ms"": 8994.928348984104, ""postprocess_ms"": 0.23285800125449896, ""model_load_ms"": 149.16611, ""provider_init_cold_start"": true, ""provider_init_warm_start"": false, ""provider_call_cold_start"": true, ""provider_call_warm_start"": false, ""provider_invocation_index"": 1, ""cpu_percent"": 11.3, ""memory_mb"": 102.72265625, ""gpu_util_percent"": 1.0, ""gpu_memory_mb"": 872.0}",0.15315315315315314,0.9995999999999999,11.3,0.005056,0.0,872.0,1.0,8994.928348984104,102.72265625,149.16611,8995.167718996527,0.23285800125449896,0.006512011168524623,True,False,True,False,1,0.7116430157433961,0.0,1.0,8995.167718996527,0.125,16,111,2,17,False,0.125,0.15315315315315314
bench_20260411T103533Z_908705d2,noise_robustness,light,white,30.0,providers/aws_cloud,standard,aws,batch,none,fleurs_en_us_12741024238657315067,True,"Unfortunately, studying traffic flow is difficult because driver behavior cannot be predicted with 100% certainty.",unfortunately studying traffic flow is difficult because driver behavior cannot be predicted with one-hundred percent certainty,unfortunately studying traffic flow is difficult because driver behavior cannot be predicted with onehundred percent certainty,unfortunately studying traffic flow is difficult because driver behavior cannot be predicted with 100 certainty,,,12.64,"{""cer"": 0.15315315315315314, ""estimated_cost_usd"": 0.005056, ""failure_rate"": 0.0, ""per_utterance_latency_ms"": 8874.146405985812, ""real_time_factor"": 0.7020685447773585, ""sample_accuracy"": 0.0, ""success_rate"": 1.0, ""total_latency_ms"": 8874.146405985812, ""wer"": 0.125, ""confidence"": 0.9997333333333334, ""preprocess_ms"": 0.012834003427997231, ""inference_ms"": 8873.880846978864, ""postprocess_ms"": 0.2527250035200268, ""model_load_ms"": 149.16611, ""provider_init_cold_start"": true, ""provider_init_warm_start"": false, ""provider_call_cold_start"": false, ""provider_call_warm_start"": true, ""provider_invocation_index"": 2, ""cpu_percent"": 10.1, ""memory_mb"": 118.02734375, ""gpu_util_percent"": 43.0, ""gpu_memory_mb"": 837.0}",0.15315315315315314,0.9997333333333334,10.1,0.005056,0.0,837.0,43.0,8873.880846978864,118.02734375,149.16611,8874.146405985812,0.2527250035200268,0.012834003427997231,False,True,True,False,2,0.7020685447773585,0.0,1.0,8874.146405985812,0.125,16,111,2,17,False,0.125,0.15315315315315314
bench_20260411T103533Z_908705d2,noise_robustness,medium,white,20.0,providers/aws_cloud,standard,aws,batch,none,fleurs_en_us_12741024238657315067,True,"Unfortunately, studying traffic flow is difficult because driver behavior cannot be predicted with 100% certainty.",unfortunately studying traffic flow is difficult because driver behavior cannot be predicted with one-hundred percent certainty,unfortunately studying traffic flow is difficult because driver behavior cannot be predicted with onehundred percent certainty,unfortunately studying traffic flow is difficult because driver behavior cannot be predicted with 100 certainty,,,12.64,"{""cer"": 0.15315315315315314, ""estimated_cost_usd"": 0.005056, ""failure_rate"": 0.0, ""per_utterance_latency_ms"": 8743.79105202388, ""real_time_factor"": 0.6917556212044209, ""sample_accuracy"": 0.0, ""success_rate"": 1.0, ""total_latency_ms"": 8743.79105202388, ""wer"": 0.125, ""confidence"": 0.9997333333333334, ""preprocess_ms"": 0.007465016096830368, ""inference_ms"": 8743.493660993408, ""postprocess_ms"": 0.2899260143749416, ""model_load_ms"": 149.16611, ""provider_init_cold_start"": true, ""provider_init_warm_start"": false, ""provider_call_cold_start"": false, ""provider_call_warm_start"": true, ""provider_invocation_index"": 3, ""cpu_percent"": 10.1, ""memory_mb"": 130.6796875, ""gpu_util_percent"": 10.0, ""gpu_memory_mb"": 782.0}",0.15315315315315314,0.9997333333333334,10.1,0.005056,0.0,782.0,10.0,8743.493660993408,130.6796875,149.16611,8743.79105202388,0.2899260143749416,0.007465016096830368,False,True,True,False,3,0.6917556212044209,0.0,1.0,8743.79105202388,0.125,16,111,2,17,False,0.125,0.15315315315315314
bench_20260411T103533Z_908705d2,noise_robustness,heavy,white,10.0,providers/aws_cloud,standard,aws,batch,none,fleurs_en_us_12741024238657315067,True,"Unfortunately, studying traffic flow is difficult because driver behavior cannot be predicted with 100% certainty.",unfortunately studying traffic flow is difficult because driver behavior cannot be predicted with one-hundred percent certainty,unfortunately studying traffic flow is difficult because driver behavior cannot be predicted with onehundred percent certainty,unfortunately studying traffic flow is difficult because driver behavior cannot be predicted with 100 certainty,,,12.64,"{""cer"": 0.15315315315315314, ""estimated_cost_usd"": 0.005056, ""failure_rate"": 0.0, ""per_utterance_latency_ms"": 8685.508176975418, ""real_time_factor"": 0.6871446342543843, ""sample_accuracy"": 0.0, ""success_rate"": 1.0, ""total_latency_ms"": 8685.508176975418, ""wer"": 0.125, ""confidence"": 0.9992666666666667, ""preprocess_ms"": 0.00773498322814703, ""inference_ms"": 8685.277231998043, ""postprocess_ms"": 0.22320999414660037, ""model_load_ms"": 149.16611, ""provider_init_cold_start"": true, ""provider_init_warm_start"": false, ""provider_call_cold_start"": false, ""provider_call_warm_start"": true, ""provider_invocation_index"": 4, ""cpu_percent"": 17.3, ""memory_mb"": 143.203125, ""gpu_util_percent"": 4.0, ""gpu_memory_mb"": 772.0}",0.15315315315315314,0.9992666666666667,17.3,0.005056,0.0,772.0,4.0,8685.277231998043,143.203125,149.16611,8685.508176975418,0.22320999414660037,0.00773498322814703,False,True,True,False,4,0.6871446342543843,0.0,1.0,8685.508176975418,0.125,16,111,2,17,False,0.125,0.15315315315315314
bench_20260411T103533Z_908705d2,noise_robustness,extreme,white,0.0,providers/aws_cloud,standard,aws,batch,none,fleurs_en_us_12741024238657315067,True,"Unfortunately, studying traffic flow is difficult because driver behavior cannot be predicted with 100% certainty.",unfortunately studying traffic flow is difficult because driver behavior cannot be predicted with one-hundred percent certainty,unfortunately studying traffic flow is difficult because driver behavior cannot be predicted with onehundred percent certainty,unfortunately studying traffic flow is difficult because driver behavior cannot be predicted with 100 certainty,,,12.64,"{""cer"": 0.15315315315315314, ""estimated_cost_usd"": 0.005056, ""failure_rate"": 0.0, ""per_utterance_latency_ms"": 8649.332953995327, ""real_time_factor"": 0.6842826704110226, ""sample_accuracy"": 0.0, ""success_rate"": 1.0, ""total_latency_ms"": 8649.332953995327, ""wer"": 0.125, ""confidence"": 0.9980666666666667, ""preprocess_ms"": 0.007483991794288158, ""inference_ms"": 8649.103061005007, ""postprocess_ms"": 0.22240899852477014, ""model_load_ms"": 149.16611, ""provider_init_cold_start"": true, ""provider_init_warm_start"": false, ""provider_call_cold_start"": false, ""provider_call_warm_start"": true, ""provider_invocation_index"": 5, ""cpu_percent"": 15.0, ""memory_mb"": 155.6875, ""gpu_util_percent"": 8.0, ""gpu_memory_mb"": 771.0}",0.15315315315315314,0.9980666666666667,15.0,0.005056,0.0,771.0,8.0,8649.103061005007,155.6875,149.16611,8649.332953995327,0.22240899852477014,0.007483991794288158,False,True,True,False,5,0.6842826704110226,0.0,1.0,8649.332953995327,0.125,16,111,2,17,False,0.125,0.15315315315315314
bench_20260411T103533Z_908705d2,noise_robustness,clean,none,,providers/aws_cloud,standard,aws,batch,none,fleurs_en_us_621925716775998155,True,"20th century research has shown that there are two pools of genetic variation, hidden and expressed.",twentieth century research has shown that there are two pools of genetic variation hidden and expressed,twentieth century research has shown that there are two pools of genetic variation hidden and expressed,20th century research has shown that there are two pools of genetic variation hidden and expressed,,,5.88,"{""cer"": 0.07954545454545454, ""estimated_cost_usd"": 0.002352, ""failure_rate"": 0.0, ""per_utterance_latency_ms"": 8599.065472953953, ""real_time_factor"": 1.462426100842509, ""sample_accuracy"": 0.0, ""success_rate"": 1.0, ""total_latency_ms"": 8599.065472953953, ""wer"": 0.0625, ""confidence"": 0.9863125, ""preprocess_ms"": 0.005369976861402392, ""inference_ms"": 8598.610928980634, ""postprocess_ms"": 0.44917399645783007, ""model_load_ms"": 149.16611, ""provider_init_cold_start"": true, ""provider_init_warm_start"": false, ""provider_call_cold_start"": false, ""provider_call_warm_start"": true, ""provider_invocation_index"": 6, ""cpu_percent"": 8.7, ""memory_mb"": 168.53125, ""gpu_util_percent"": 0.0, ""gpu_memory_mb"": 771.0}",0.07954545454545454,0.9863125,8.7,0.002352,0.0,771.0,0.0,8598.610928980634,168.53125,149.16611,8599.065472953953,0.44917399645783007,0.005369976861402392,False,True,True,False,6,1.462426100842509,0.0,1.0,8599.065472953953,0.0625,16,88,1,7,False,0.0625,0.07954545454545454
bench_20260411T103533Z_908705d2,noise_robustness,light,white,30.0,providers/aws_cloud,standard,aws,batch,none,fleurs_en_us_621925716775998155,True,"20th century research has shown that there are two pools of genetic variation, hidden and expressed.",twentieth century research has shown that there are two pools of genetic variation hidden and expressed,twentieth century research has shown that there are two pools of genetic variation hidden and expressed,20th century research has shown that there are two pools of genetic variation hidden and expressed,,,5.88,"{""cer"": 0.07954545454545454, ""estimated_cost_usd"": 0.002352, ""failure_rate"": 0.0, ""per_utterance_latency_ms"": 8699.088369990932, ""real_time_factor"": 1.4794367976175054, ""sample_accuracy"": 0.0, ""success_rate"": 1.0, ""total_latency_ms"": 8699.088369990932, ""wer"": 0.0625, ""confidence"": 0.9811875, ""preprocess_ms"": 0.007894996087998152, ""inference_ms"": 8698.810127010802, ""postprocess_ms"": 0.27034798404201865, ""model_load_ms"": 149.16611, ""provider_init_cold_start"": true, ""provider_init_warm_start"": false, ""provider_call_cold_start"": false, ""provider_call_warm_start"": true, ""provider_invocation_index"": 7, ""cpu_percent"": 15.0, ""memory_mb"": 162.2421875, ""gpu_util_percent"": 26.0, ""gpu_memory_mb"": 771.0}",0.07954545454545454,0.9811875,15.0,0.002352,0.0,771.0,26.0,8698.810127010802,162.2421875,149.16611,8699.088369990932,0.27034798404201865,0.007894996087998152,False,True,True,False,7,1.4794367976175054,0.0,1.0,8699.088369990932,0.0625,16,88,1,7,False,0.0625,0.07954545454545454
bench_20260411T103533Z_908705d2,noise_robustness,medium,white,20.0,providers/aws_cloud,standard,aws,batch,none,fleurs_en_us_621925716775998155,True,"20th century research has shown that there are two pools of genetic variation, hidden and expressed.",twentieth century research has shown that there are two pools of genetic variation hidden and expressed,twentieth century research has shown that there are two pools of genetic variation hidden and expressed,20th century research has shown that there are two pools of genetic variation hidden and expressed,,,5.88,"{""cer"": 0.07954545454545454, ""estimated_cost_usd"": 0.002352, ""failure_rate"": 0.0, ""per_utterance_latency_ms"": 8628.797226992901, ""real_time_factor"": 1.4674825215974323, ""sample_accuracy"": 0.0, ""success_rate"": 1.0, ""total_latency_ms"": 8628.797226992901, ""wer"": 0.0625, ""confidence"": 0.9811875, ""preprocess_ms"": 0.007594004273414612, ""inference_ms"": 8628.531277994625, ""postprocess_ms"": 0.25835499400272965, ""model_load_ms"": 149.16611, ""provider_init_cold_start"": true, ""provider_init_warm_start"": false, ""provider_call_cold_start"": false, ""provider_call_warm_start"": true, ""provider_invocation_index"": 8, ""cpu_percent"": 10.1, ""memory_mb"": 161.25390625, ""gpu_util_percent"": 41.0, ""gpu_memory_mb"": 771.0}",0.07954545454545454,0.9811875,10.1,0.002352,0.0,771.0,41.0,8628.531277994625,161.25390625,149.16611,8628.797226992901,0.25835499400272965,0.007594004273414612,False,True,True,False,8,1.4674825215974323,0.0,1.0,8628.797226992901,0.0625,16,88,1,7,False,0.0625,0.07954545454545454
bench_20260411T103533Z_908705d2,noise_robustness,heavy,white,10.0,providers/aws_cloud,standard,aws,batch,none,fleurs_en_us_621925716775998155,True,"20th century research has shown that there are two pools of genetic variation, hidden and expressed.",twentieth century research has shown that there are two pools of genetic variation hidden and expressed,twentieth century research has shown that there are two pools of genetic variation hidden and expressed,20th century research has shown that there are two pools of genetic variation hidden and expressed,,,5.88,"{""cer"": 0.07954545454545454, ""estimated_cost_usd"": 0.002352, ""failure_rate"": 0.0, ""per_utterance_latency_ms"": 8677.578066999558, ""real_time_factor"": 1.475778582823054, ""sample_accuracy"": 0.0, ""success_rate"": 1.0, ""total_latency_ms"": 8677.578066999558, ""wer"": 0.0625, ""confidence"": 0.9861875, ""preprocess_ms"": 0.011491996701806784, ""inference_ms"": 8677.355838997755, ""postprocess_ms"": 0.21073600510135293, ""model_load_ms"": 149.16611, ""provider_init_cold_start"": true, ""provider_init_warm_start"": false, ""provider_call_cold_start"": false, ""provider_call_warm_start"": true, ""provider_invocation_index"": 9, ""cpu_percent"": 40.0, ""memory_mb"": 161.28125, ""gpu_util_percent"": 0.0, ""gpu_memory_mb"": 700.0}",0.07954545454545454,0.9861875,40.0,0.002352,0.0,700.0,0.0,8677.355838997755,161.28125,149.16611,8677.578066999558,0.21073600510135293,0.011491996701806784,False,True,True,False,9,1.475778582823054,0.0,1.0,8677.578066999558,0.0625,16,88,1,7,False,0.0625,0.07954545454545454
bench_20260411T103533Z_908705d2,noise_robustness,extreme,white,0.0,providers/aws_cloud,standard,aws,batch,none,fleurs_en_us_621925716775998155,True,20th century research has shown that there are two pools of genes. In Express.,twentieth century research has shown that there are two pools of genetic variation hidden and expressed,twentieth century research has shown that there are two pools of genetic variation hidden and expressed,20th century research has shown that there are two pools of genes in express,,,5.88,"{""cer"": 0.3181818181818182, ""estimated_cost_usd"": 0.002352, ""failure_rate"": 0.0, ""per_utterance_latency_ms"": 8720.226897014072, ""real_time_factor"": 1.483031785206475, ""sample_accuracy"": 0.0, ""success_rate"": 1.0, ""total_latency_ms"": 8720.226897014072, ""wer"": 0.375, ""confidence"": 0.7152857142857142, ""preprocess_ms"": 0.007244001608341932, ""inference_ms"": 8719.463340006769, ""postprocess_ms"": 0.7563130056951195, ""model_load_ms"": 149.16611, ""provider_init_cold_start"": true, ""provider_init_warm_start"": false, ""provider_call_cold_start"": false, ""provider_call_warm_start"": true, ""provider_invocation_index"": 10, ""cpu_percent"": 8.8, ""memory_mb"": 162.21875, ""gpu_util_percent"": 0.0, ""gpu_memory_mb"": 700.0}",0.3181818181818182,0.7152857142857142,8.8,0.002352,0.0,700.0,0.0,8719.463340006769,162.21875,149.16611,8720.226897014072,0.7563130056951195,0.007244001608341932,False,True,True,False,10,1.483031785206475,0.0,1.0,8720.226897014072,0.375,16,88,6,28,False,0.375,0.3181818181818182
bench_20260411T103533Z_908705d2,noise_robustness,clean,none,,providers/azure_cloud,standard,azure,batch,none,fleurs_en_us_12741024238657315067,True,"Unfortunately, stunning traffic flow is difficult because driver behavior cannot be predicted with 100% certainty.",unfortunately studying traffic flow is difficult because driver behavior cannot be predicted with one-hundred percent certainty,unfortunately studying traffic flow is difficult because driver behavior cannot be predicted with onehundred percent certainty,unfortunately stunning traffic flow is difficult because driver behavior cannot be predicted with 100 certainty,,,12.64,"{""cer"": 0.17117117117117117, ""estimated_cost_usd"": 0.003792, ""failure_rate"": 0.0, ""per_utterance_latency_ms"": 3339.2200200178195, ""real_time_factor"": 0.26417879905204267, ""sample_accuracy"": 0.0, ""success_rate"": 1.0, ""total_latency_ms"": 3339.2200200178195, ""wer"": 0.1875, ""confidence"": 0.7220396, ""preprocess_ms"": 96.44492701045237, ""inference_ms"": 3242.6974970148876, ""postprocess_ms"": 0.07759599247947335, ""model_load_ms"": 3.386839, ""provider_init_cold_start"": true, ""provider_init_warm_start"": false, ""provider_call_cold_start"": true, ""provider_call_warm_start"": false, ""provider_invocation_index"": 1, ""cpu_percent"": 50.0, ""memory_mb"": 170.49609375, ""gpu_util_percent"": 0.0, ""gpu_memory_mb"": 700.0}",0.17117117117117117,0.7220396,50.0,0.003792,0.0,700.0,0.0,3242.6974970148876,170.49609375,3.386839,3339.2200200178195,0.07759599247947335,96.44492701045237,True,False,True,False,1,0.26417879905204267,0.0,1.0,3339.2200200178195,0.1875,16,111,3,19,False,0.1875,0.17117117117117117
bench_20260411T103533Z_908705d2,noise_robustness,light,white,30.0,providers/azure_cloud,standard,azure,batch,none,fleurs_en_us_12741024238657315067,True,"Unfortunately, stunning traffic flow is difficult because driver behavior cannot be predicted with 100% certainty.",unfortunately studying traffic flow is difficult because driver behavior cannot be predicted with one-hundred percent certainty,unfortunately studying traffic flow is difficult because driver behavior cannot be predicted with onehundred percent certainty,unfortunately stunning traffic flow is difficult because driver behavior cannot be predicted with 100 certainty,,,12.64,"{""cer"": 0.17117117117117117, ""estimated_cost_usd"": 0.003792, ""failure_rate"": 0.0, ""per_utterance_latency_ms"": 3241.0500819969457, ""real_time_factor"": 0.2564121900314039, ""sample_accuracy"": 0.0, ""success_rate"": 1.0, ""total_latency_ms"": 3241.0500819969457, ""wer"": 0.1875, ""confidence"": 0.72723377, ""preprocess_ms"": 0.010590010788291693, ""inference_ms"": 3240.920026990352, ""postprocess_ms"": 0.11946499580517411, ""model_load_ms"": 3.386839, ""provider_init_cold_start"": true, ""provider_init_warm_start"": false, ""provider_call_cold_start"": false, ""provider_call_warm_start"": true, ""provider_invocation_index"": 2, ""cpu_percent"": 18.5, ""memory_mb"": 169.6015625, ""gpu_util_percent"": 5.0, ""gpu_memory_mb"": 700.0}",0.17117117117117117,0.72723377,18.5,0.003792,0.0,700.0,5.0,3240.920026990352,169.6015625,3.386839,3241.0500819969457,0.11946499580517411,0.010590010788291693,False,True,True,False,2,0.2564121900314039,0.0,1.0,3241.0500819969457,0.1875,16,111,3,19,False,0.1875,0.17117117117117117
bench_20260411T103533Z_908705d2,noise_robustness,medium,white,20.0,providers/azure_cloud,standard,azure,batch,none,fleurs_en_us_12741024238657315067,True,"Unfortunately, steining traffic flow is difficult because driver behavior cannot be predicted with 100% certainty.",unfortunately studying traffic flow is difficult because driver behavior cannot be predicted with one-hundred percent certainty,unfortunately studying traffic flow is difficult because driver behavior cannot be predicted with onehundred percent certainty,unfortunately steining traffic flow is difficult because driver behavior cannot be predicted with 100 certainty,,,12.64,"{""cer"": 0.18018018018018017, ""estimated_cost_usd"": 0.003792, ""failure_rate"": 0.0, ""per_utterance_latency_ms"": 3192.6154370012227, ""real_time_factor"": 0.2525803352057929, ""sample_accuracy"": 0.0, ""success_rate"": 1.0, ""total_latency_ms"": 3192.6154370012227, ""wer"": 0.1875, ""confidence"": 0.7574495, ""preprocess_ms"": 0.00786499003879726, ""inference_ms"": 3192.5036660104524, ""postprocess_ms"": 0.1039060007315129, ""model_load_ms"": 3.386839, ""provider_init_cold_start"": true, ""provider_init_warm_start"": false, ""provider_call_cold_start"": false, ""provider_call_warm_start"": true, ""provider_invocation_index"": 3, ""cpu_percent"": 11.1, ""memory_mb"": 169.6015625, ""gpu_util_percent"": 4.0, ""gpu_memory_mb"": 700.0}",0.18018018018018017,0.7574495,11.1,0.003792,0.0,700.0,4.0,3192.5036660104524,169.6015625,3.386839,3192.6154370012227,0.1039060007315129,0.00786499003879726,False,True,True,False,3,0.2525803352057929,0.0,1.0,3192.6154370012227,0.1875,16,111,3,20,False,0.1875,0.18018018018018017
bench_20260411T103533Z_908705d2,noise_robustness,heavy,white,10.0,providers/azure_cloud,standard,azure,batch,none,fleurs_en_us_12741024238657315067,True,"Unfortunately, Stein traffic flow is difficult because driver behavior cannot be predicted with 100% certainty.",unfortunately studying traffic flow is difficult because driver behavior cannot be predicted with one-hundred percent certainty,unfortunately studying traffic flow is difficult because driver behavior cannot be predicted with onehundred percent certainty,unfortunately stein traffic flow is difficult because driver behavior cannot be predicted with 100 certainty,,,12.64,"{""cer"": 0.1891891891891892, ""estimated_cost_usd"": 0.003792, ""failure_rate"": 0.0, ""per_utterance_latency_ms"": 3191.6969970043283, ""real_time_factor"": 0.25250767381363354, ""sample_accuracy"": 0.0, ""success_rate"": 1.0, ""total_latency_ms"": 3191.6969970043283, ""wer"": 0.1875, ""confidence"": 0.7114648, ""preprocess_ms"": 0.009637995390221477, ""inference_ms"": 3191.5756989910733, ""postprocess_ms"": 0.11166001786477864, ""model_load_ms"": 3.386839, ""provider_init_cold_start"": true, ""provider_init_warm_start"": false, ""provider_call_cold_start"": false, ""provider_call_warm_start"": true, ""provider_invocation_index"": 4, ""cpu_percent"": 8.9, ""memory_mb"": 169.6015625, ""gpu_util_percent"": 5.0, ""gpu_memory_mb"": 700.0}",0.1891891891891892,0.7114648,8.9,0.003792,0.0,700.0,5.0,3191.5756989910733,169.6015625,3.386839,3191.6969970043283,0.11166001786477864,0.009637995390221477,False,True,True,False,4,0.25250767381363354,0.0,1.0,3191.6969970043283,0.1875,16,111,3,21,False,0.1875,0.1891891891891892
bench_20260411T103533Z_908705d2,noise_robustness,extreme,white,0.0,providers/azure_cloud,standard,azure,batch,none,fleurs_en_us_12741024238657315067,True,"Unfortunately, sting traffic flow is difficult because driving behavior cannot be provigiled with 100% circumstance.",unfortunately studying traffic flow is difficult because driver behavior cannot be predicted with one-hundred percent certainty,unfortunately studying traffic flow is difficult because driver behavior cannot be predicted with onehundred percent certainty,unfortunately sting traffic flow is difficult because driving behavior cannot be provigiled with 100 circumstance,,,12.64,"{""cer"": 0.2882882882882883, ""estimated_cost_usd"": 0.003792, ""failure_rate"": 0.0, ""per_utterance_latency_ms"": 3192.1963119821157, ""real_time_factor"": 0.25254717658086356, ""sample_accuracy"": 0.0, ""success_rate"": 1.0, ""total_latency_ms"": 3192.1963119821157, ""wer"": 0.375, ""confidence"": 0.43553695, ""preprocess_ms"": 0.009396986570209265, ""inference_ms"": 3192.0891310146544, ""postprocess_ms"": 0.09778398089110851, ""model_load_ms"": 3.386839, ""provider_init_cold_start"": true, ""provider_init_warm_start"": false, ""provider_call_cold_start"": false, ""provider_call_warm_start"": true, ""provider_invocation_index"": 5, ""cpu_percent"": 9.9, ""memory_mb"": 169.62890625, ""gpu_util_percent"": 4.0, ""gpu_memory_mb"": 700.0}",0.2882882882882883,0.43553695,9.9,0.003792,0.0,700.0,4.0,3192.0891310146544,169.62890625,3.386839,3192.1963119821157,0.09778398089110851,0.009396986570209265,False,True,True,False,5,0.25254717658086356,0.0,1.0,3192.1963119821157,0.375,16,111,6,32,False,0.375,0.2882882882882883
bench_20260411T103533Z_908705d2,noise_robustness,clean,none,,providers/azure_cloud,standard,azure,batch,none,fleurs_en_us_621925716775998155,True,"20th century research has shown that there are two pools of genetic variation, hidden and expressed.",twentieth century research has shown that there are two pools of genetic variation hidden and expressed,twentieth century research has shown that there are two pools of genetic variation hidden and expressed,20th century research has shown that there are two pools of genetic variation hidden and expressed,,,5.88,"{""cer"": 0.07954545454545454, ""estimated_cost_usd"": 0.001764, ""failure_rate"": 0.0, ""per_utterance_latency_ms"": 1043.7857729848474, ""real_time_factor"": 0.177514587242321, ""sample_accuracy"": 0.0, ""success_rate"": 1.0, ""total_latency_ms"": 1043.7857729848474, ""wer"": 0.0625, ""confidence"": 0.8248074, ""preprocess_ms"": 0.0059010053519159555, ""inference_ms"": 1043.635109992465, ""postprocess_ms"": 0.14476198703050613, ""model_load_ms"": 3.386839, ""provider_init_cold_start"": true, ""provider_init_warm_start"": false, ""provider_call_cold_start"": false, ""provider_call_warm_start"": true, ""provider_invocation_index"": 6, ""cpu_percent"": 11.1, ""memory_mb"": 169.62890625, ""gpu_util_percent"": 4.0, ""gpu_memory_mb"": 700.0}",0.07954545454545454,0.8248074,11.1,0.001764,0.0,700.0,4.0,1043.635109992465,169.62890625,3.386839,1043.7857729848474,0.14476198703050613,0.0059010053519159555,False,True,True,False,6,0.177514587242321,0.0,1.0,1043.7857729848474,0.0625,16,88,1,7,False,0.0625,0.07954545454545454
bench_20260411T103533Z_908705d2,noise_robustness,light,white,30.0,providers/azure_cloud,standard,azure,batch,none,fleurs_en_us_621925716775998155,True,"20th century research has shown that there are two pools of genetic variation, hidden and expressed.",twentieth century research has shown that there are two pools of genetic variation hidden and expressed,twentieth century research has shown that there are two pools of genetic variation hidden and expressed,20th century research has shown that there are two pools of genetic variation hidden and expressed,,,5.88,"{""cer"": 0.07954545454545454, ""estimated_cost_usd"": 0.001764, ""failure_rate"": 0.0, ""per_utterance_latency_ms"": 1119.6641749993432, ""real_time_factor"": 0.19041907738084068, ""sample_accuracy"": 0.0, ""success_rate"": 1.0, ""total_latency_ms"": 1119.6641749993432, ""wer"": 0.0625, ""confidence"": 0.88316256, ""preprocess_ms"": 0.007885013474151492, ""inference_ms"": 1119.5745760051068, ""postprocess_ms"": 0.08171398076228797, ""model_load_ms"": 3.386839, ""provider_init_cold_start"": true, ""provider_init_warm_start"": false, ""provider_call_cold_start"": false, ""provider_call_warm_start"": true, ""provider_invocation_index"": 7, ""cpu_percent"": 10.0, ""memory_mb"": 171.671875, ""gpu_util_percent"": 3.0, ""gpu_memory_mb"": 700.0}",0.07954545454545454,0.88316256,10.0,0.001764,0.0,700.0,3.0,1119.5745760051068,171.671875,3.386839,1119.6641749993432,0.08171398076228797,0.007885013474151492,False,True,True,False,7,0.19041907738084068,0.0,1.0,1119.6641749993432,0.0625,16,88,1,7,False,0.0625,0.07954545454545454
bench_20260411T103533Z_908705d2,noise_robustness,medium,white,20.0,providers/azure_cloud,standard,azure,batch,none,fleurs_en_us_621925716775998155,True,"20th century research has shown that there are two pools of genetic variation, hidden and expressed.",twentieth century research has shown that there are two pools of genetic variation hidden and expressed,twentieth century research has shown that there are two pools of genetic variation hidden and expressed,20th century research has shown that there are two pools of genetic variation hidden and expressed,,,5.88,"{""cer"": 0.07954545454545454, ""estimated_cost_usd"": 0.001764, ""failure_rate"": 0.0, ""per_utterance_latency_ms"": 1146.6663750179578, ""real_time_factor"": 0.19501128826836017, ""sample_accuracy"": 0.0, ""success_rate"": 1.0, ""total_latency_ms"": 1146.6663750179578, ""wer"": 0.0625, ""confidence"": 0.88316256, ""preprocess_ms"": 0.009137002052739263, ""inference_ms"": 1146.5706960007083, ""postprocess_ms"": 0.08654201519675553, ""model_load_ms"": 3.386839, ""provider_init_cold_start"": true, ""provider_init_warm_start"": false, ""provider_call_cold_start"": false, ""provider_call_warm_start"": true, ""provider_invocation_index"": 8, ""cpu_percent"": 11.4, ""memory_mb"": 171.71484375, ""gpu_util_percent"": 4.0, ""gpu_memory_mb"": 700.0}",0.07954545454545454,0.88316256,11.4,0.001764,0.0,700.0,4.0,1146.5706960007083,171.71484375,3.386839,1146.6663750179578,0.08654201519675553,0.009137002052739263,False,True,True,False,8,0.19501128826836017,0.0,1.0,1146.6663750179578,0.0625,16,88,1,7,False,0.0625,0.07954545454545454
bench_20260411T103533Z_908705d2,noise_robustness,heavy,white,10.0,providers/azure_cloud,standard,azure,batch,none,fleurs_en_us_621925716775998155,True,"20th century research has shown that there are two pools of genetic variation, hidden and expressed.",twentieth century research has shown that there are two pools of genetic variation hidden and expressed,twentieth century research has shown that there are two pools of genetic variation hidden and expressed,20th century research has shown that there are two pools of genetic variation hidden and expressed,,,5.88,"{""cer"": 0.07954545454545454, ""estimated_cost_usd"": 0.001764, ""failure_rate"": 0.0, ""per_utterance_latency_ms"": 1070.705731981434, ""real_time_factor"": 0.18209281156146837, ""sample_accuracy"": 0.0, ""success_rate"": 1.0, ""total_latency_ms"": 1070.705731981434, ""wer"": 0.0625, ""confidence"": 0.84824556, ""preprocess_ms"": 0.017493002815172076, ""inference_ms"": 1070.6117549852934, ""postprocess_ms"": 0.07648399332538247, ""model_load_ms"": 3.386839, ""provider_init_cold_start"": true, ""provider_init_warm_start"": false, ""provider_call_cold_start"": false, ""provider_call_warm_start"": true, ""provider_invocation_index"": 9, ""cpu_percent"": 10.0, ""memory_mb"": 171.71484375, ""gpu_util_percent"": 4.0, ""gpu_memory_mb"": 700.0}",0.07954545454545454,0.84824556,10.0,0.001764,0.0,700.0,4.0,1070.6117549852934,171.71484375,3.386839,1070.705731981434,0.07648399332538247,0.017493002815172076,False,True,True,False,9,0.18209281156146837,0.0,1.0,1070.705731981434,0.0625,16,88,1,7,False,0.0625,0.07954545454545454
bench_20260411T103533Z_908705d2,noise_robustness,extreme,white,0.0,providers/azure_cloud,standard,azure,batch,none,fleurs_en_us_621925716775998155,True,"Since century, research has shown that there are two four systematic variations hidden and expressed.",twentieth century research has shown that there are two pools of genetic variation hidden and expressed,twentieth century research has shown that there are two pools of genetic variation hidden and expressed,since century research has shown that there are two four systematic variations hidden and expressed,,,5.88,"{""cer"": 0.18181818181818182, ""estimated_cost_usd"": 0.001764, ""failure_rate"": 0.0, ""per_utterance_latency_ms"": 1118.0885870126076, ""real_time_factor"": 0.1901511202402394, ""sample_accuracy"": 0.0, ""success_rate"": 1.0, ""total_latency_ms"": 1118.0885870126076, ""wer"": 0.3125, ""confidence"": 0.4842607, ""preprocess_ms"": 0.01129100564867258, ""inference_ms"": 1117.9604869976174, ""postprocess_ms"": 0.11680900934152305, ""model_load_ms"": 3.386839, ""provider_init_cold_start"": true, ""provider_init_warm_start"": false, ""provider_call_cold_start"": false, ""provider_call_warm_start"": true, ""provider_invocation_index"": 10, ""cpu_percent"": 10.0, ""memory_mb"": 171.71484375, ""gpu_util_percent"": 5.0, ""gpu_memory_mb"": 700.0}",0.18181818181818182,0.4842607,10.0,0.001764,0.0,700.0,5.0,1117.9604869976174,171.71484375,3.386839,1118.0885870126076,0.11680900934152305,0.01129100564867258,False,True,True,False,10,0.1901511202402394,0.0,1.0,1118.0885870126076,0.3125,16,88,5,16,False,0.3125,0.18181818181818182
bench_20260411T103533Z_908705d2,noise_robustness,clean,none,,providers/google_cloud,accurate,google,batch,none,fleurs_en_us_12741024238657315067,True,unfortunately stunning traffic flow is difficult because driver Behavior cannot be predicted with 100% certainty,unfortunately studying traffic flow is difficult because driver behavior cannot be predicted with one-hundred percent certainty,unfortunately studying traffic flow is difficult because driver behavior cannot be predicted with onehundred percent certainty,unfortunately stunning traffic flow is difficult because driver behavior cannot be predicted with 100 certainty,,,12.64,"{""cer"": 0.17117117117117117, ""estimated_cost_usd"": 0.0, ""failure_rate"": 0.0, ""per_utterance_latency_ms"": 4492.79503399157, ""real_time_factor"": 0.35544264509426976, ""sample_accuracy"": 0.0, ""success_rate"": 1.0, ""total_latency_ms"": 4492.79503399157, ""wer"": 0.1875, ""confidence"": 0.9294058680534363, ""preprocess_ms"": 2323.537613003282, ""inference_ms"": 2169.2572710162494, ""postprocess_ms"": 0.00014997203834354877, ""model_load_ms"": 3.20665, ""provider_init_cold_start"": true, ""provider_init_warm_start"": false, ""provider_call_cold_start"": true, ""provider_call_warm_start"": false, ""provider_invocation_index"": 1, ""cpu_percent"": 10.0, ""memory_mb"": 189.640625, ""gpu_util_percent"": 5.0, ""gpu_memory_mb"": 700.0}",0.17117117117117117,0.9294058680534363,10.0,0.0,0.0,700.0,5.0,2169.2572710162494,189.640625,3.20665,4492.79503399157,0.00014997203834354877,2323.537613003282,True,False,True,False,1,0.35544264509426976,0.0,1.0,4492.79503399157,0.1875,16,111,3,19,False,0.1875,0.17117117117117117
bench_20260411T103533Z_908705d2,noise_robustness,light,white,30.0,providers/google_cloud,accurate,google,batch,none,fleurs_en_us_12741024238657315067,True,unfortunately stunning traffic flow is difficult because driver Behavior cannot be predicted with 100% certainty,unfortunately studying traffic flow is difficult because driver behavior cannot be predicted with one-hundred percent certainty,unfortunately studying traffic flow is difficult because driver behavior cannot be predicted with onehundred percent certainty,unfortunately stunning traffic flow is difficult because driver behavior cannot be predicted with 100 certainty,,,12.64,"{""cer"": 0.17117117117117117, ""estimated_cost_usd"": 0.0, ""failure_rate"": 0.0, ""per_utterance_latency_ms"": 2133.1373669963796, ""real_time_factor"": 0.16876086764211862, ""sample_accuracy"": 0.0, ""success_rate"": 1.0, ""total_latency_ms"": 2133.1373669963796, ""wer"": 0.1875, ""confidence"": 0.9220154285430908, ""preprocess_ms"": 0.34545999369584024, ""inference_ms"": 2132.7917170128785, ""postprocess_ms"": 0.00018998980522155762, ""model_load_ms"": 3.20665, ""provider_init_cold_start"": true, ""provider_init_warm_start"": false, ""provider_call_cold_start"": false, ""provider_call_warm_start"": true, ""provider_invocation_index"": 2, ""cpu_percent"": 10.0, ""memory_mb"": 190.046875, ""gpu_util_percent"": 4.0, ""gpu_memory_mb"": 700.0}",0.17117117117117117,0.9220154285430908,10.0,0.0,0.0,700.0,4.0,2132.7917170128785,190.046875,3.20665,2133.1373669963796,0.00018998980522155762,0.34545999369584024,False,True,True,False,2,0.16876086764211862,0.0,1.0,2133.1373669963796,0.1875,16,111,3,19,False,0.1875,0.17117117117117117
bench_20260411T103533Z_908705d2,noise_robustness,medium,white,20.0,providers/google_cloud,accurate,google,batch,none,fleurs_en_us_12741024238657315067,True,unfortunately stunning traffic flow is difficult because driver Behavior cannot be predicted with 100% certainty,unfortunately studying traffic flow is difficult because driver behavior cannot be predicted with one-hundred percent certainty,unfortunately studying traffic flow is difficult because driver behavior cannot be predicted with onehundred percent certainty,unfortunately stunning traffic flow is difficult because driver behavior cannot be predicted with 100 certainty,,,12.64,"{""cer"": 0.17117117117117117, ""estimated_cost_usd"": 0.0, ""failure_rate"": 0.0, ""per_utterance_latency_ms"": 2148.8787480047904, ""real_time_factor"": 0.1700062300636701, ""sample_accuracy"": 0.0, ""success_rate"": 1.0, ""total_latency_ms"": 2148.8787480047904, ""wer"": 0.1875, ""confidence"": 0.914493203163147, ""preprocess_ms"": 0.3006249899044633, ""inference_ms"": 2148.5779730137438, ""postprocess_ms"": 0.0001500011421740055, ""model_load_ms"": 3.20665, ""provider_init_cold_start"": true, ""provider_init_warm_start"": false, ""provider_call_cold_start"": false, ""provider_call_warm_start"": true, ""provider_invocation_index"": 3, ""cpu_percent"": 11.1, ""memory_mb"": 190.4609375, ""gpu_util_percent"": 4.0, ""gpu_memory_mb"": 700.0}",0.17117117117117117,0.914493203163147,11.1,0.0,0.0,700.0,4.0,2148.5779730137438,190.4609375,3.20665,2148.8787480047904,0.0001500011421740055,0.3006249899044633,False,True,True,False,3,0.1700062300636701,0.0,1.0,2148.8787480047904,0.1875,16,111,3,19,False,0.1875,0.17117117117117117
bench_20260411T103533Z_908705d2,noise_robustness,heavy,white,10.0,providers/google_cloud,accurate,google,batch,none,fleurs_en_us_12741024238657315067,True,unfortunately studying traffic flow is difficult because driver Behavior cannot be predicted if 100% certainty,unfortunately studying traffic flow is difficult because driver behavior cannot be predicted with one-hundred percent certainty,unfortunately studying traffic flow is difficult because driver behavior cannot be predicted with onehundred percent certainty,unfortunately studying traffic flow is difficult because driver behavior cannot be predicted if 100 certainty,,,12.64,"{""cer"": 0.18018018018018017, ""estimated_cost_usd"": 0.0, ""failure_rate"": 0.0, ""per_utterance_latency_ms"": 2181.3670989649836, ""real_time_factor"": 0.17257651099406515, ""sample_accuracy"": 0.0, ""success_rate"": 1.0, ""total_latency_ms"": 2181.3670989649836, ""wer"": 0.1875, ""confidence"": 0.8473702073097229, ""preprocess_ms"": 0.34720299299806356, ""inference_ms"": 2181.019835988991, ""postprocess_ms"": 5.998299457132816e-05, ""model_load_ms"": 3.20665, ""provider_init_cold_start"": true, ""provider_init_warm_start"": false, ""provider_call_cold_start"": false, ""provider_call_warm_start"": true, ""provider_invocation_index"": 4, ""cpu_percent"": 11.1, ""memory_mb"": 190.4609375, ""gpu_util_percent"": 3.0, ""gpu_memory_mb"": 700.0}",0.18018018018018017,0.8473702073097229,11.1,0.0,0.0,700.0,3.0,2181.019835988991,190.4609375,3.20665,2181.3670989649836,5.998299457132816e-05,0.34720299299806356,False,True,True,False,4,0.17257651099406515,0.0,1.0,2181.3670989649836,0.1875,16,111,3,20,False,0.1875,0.18018018018018017
bench_20260411T103533Z_908705d2,noise_robustness,extreme,white,0.0,providers/google_cloud,accurate,google,batch,none,fleurs_en_us_12741024238657315067,True,unfortunately a stunning traffic flow is difficult because drivers is not be particular of 100%,unfortunately studying traffic flow is difficult because driver behavior cannot be predicted with one-hundred percent certainty,unfortunately studying traffic flow is difficult because driver behavior cannot be predicted with onehundred percent certainty,unfortunately a stunning traffic flow is difficult because drivers is not be particular of 100,,,12.64,"{""cer"": 0.42342342342342343, ""estimated_cost_usd"": 0.0, ""failure_rate"": 0.0, ""per_utterance_latency_ms"": 2107.133485027589, ""real_time_factor"": 0.1667035984990181, ""sample_accuracy"": 0.0, ""success_rate"": 1.0, ""total_latency_ms"": 2107.133485027589, ""wer"": 0.625, ""confidence"": 0.723587155342102, ""preprocess_ms"": 0.33402800909243524, ""inference_ms"": 2106.7993070173543, ""postprocess_ms"": 0.0001500011421740055, ""model_load_ms"": 3.20665, ""provider_init_cold_start"": true, ""provider_init_warm_start"": false, ""provider_call_cold_start"": false, ""provider_call_warm_start"": true, ""provider_invocation_index"": 5, ""cpu_percent"": 10.0, ""memory_mb"": 190.4609375, ""gpu_util_percent"": 5.0, ""gpu_memory_mb"": 700.0}",0.42342342342342343,0.723587155342102,10.0,0.0,0.0,700.0,5.0,2106.7993070173543,190.4609375,3.20665,2107.133485027589,0.0001500011421740055,0.33402800909243524,False,True,True,False,5,0.1667035984990181,0.0,1.0,2107.133485027589,0.625,16,111,10,47,False,0.625,0.42342342342342343
bench_20260411T103533Z_908705d2,noise_robustness,clean,none,,providers/google_cloud,accurate,google,batch,none,fleurs_en_us_621925716775998155,True,20th century research has shown that there are two poles of genetic variation hidden and expressed,twentieth century research has shown that there are two pools of genetic variation hidden and expressed,twentieth century research has shown that there are two pools of genetic variation hidden and expressed,20th century research has shown that there are two poles of genetic variation hidden and expressed,,,5.88,"{""cer"": 0.10227272727272728, ""estimated_cost_usd"": 0.0, ""failure_rate"": 0.0, ""per_utterance_latency_ms"": 1177.0430050091818, ""real_time_factor"": 0.20017738180428263, ""sample_accuracy"": 0.0, ""success_rate"": 1.0, ""total_latency_ms"": 1177.0430050091818, ""wer"": 0.125, ""confidence"": 0.8988372683525085, ""preprocess_ms"": 0.1992839970625937, ""inference_ms"": 1176.843370019924, ""postprocess_ms"": 0.00035099219530820847, ""model_load_ms"": 3.20665, ""provider_init_cold_start"": true, ""provider_init_warm_start"": false, ""provider_call_cold_start"": false, ""provider_call_warm_start"": true, ""provider_invocation_index"": 6, ""cpu_percent"": 8.9, ""memory_mb"": 190.4609375, ""gpu_util_percent"": 3.0, ""gpu_memory_mb"": 700.0}",0.10227272727272728,0.8988372683525085,8.9,0.0,0.0,700.0,3.0,1176.843370019924,190.4609375,3.20665,1177.0430050091818,0.00035099219530820847,0.1992839970625937,False,True,True,False,6,0.20017738180428263,0.0,1.0,1177.0430050091818,0.125,16,88,2,9,False,0.125,0.10227272727272728
bench_20260411T103533Z_908705d2,noise_robustness,light,white,30.0,providers/google_cloud,accurate,google,batch,none,fleurs_en_us_621925716775998155,True,20th century research has shown that there are two poles of genetic variation hidden and expressed,twentieth century research has shown that there are two pools of genetic variation hidden and expressed,twentieth century research has shown that there are two pools of genetic variation hidden and expressed,20th century research has shown that there are two poles of genetic variation hidden and expressed,,,5.88,"{""cer"": 0.10227272727272728, ""estimated_cost_usd"": 0.0, ""failure_rate"": 0.0, ""per_utterance_latency_ms"": 1332.0609329966828, ""real_time_factor"": 0.22654097499943585, ""sample_accuracy"": 0.0, ""success_rate"": 1.0, ""total_latency_ms"": 1332.0609329966828, ""wer"": 0.125, ""confidence"": 0.8874347805976868, ""preprocess_ms"": 0.1950169971678406, ""inference_ms"": 1331.8657460040413, ""postprocess_ms"": 0.00016999547369778156, ""model_load_ms"": 3.20665, ""provider_init_cold_start"": true, ""provider_init_warm_start"": false, ""provider_call_cold_start"": false, ""provider_call_warm_start"": true, ""provider_invocation_index"": 7, ""cpu_percent"": 10.1, ""memory_mb"": 190.67578125, ""gpu_util_percent"": 3.0, ""gpu_memory_mb"": 700.0}",0.10227272727272728,0.8874347805976868,10.1,0.0,0.0,700.0,3.0,1331.8657460040413,190.67578125,3.20665,1332.0609329966828,0.00016999547369778156,0.1950169971678406,False,True,True,False,7,0.22654097499943585,0.0,1.0,1332.0609329966828,0.125,16,88,2,9,False,0.125,0.10227272727272728
bench_20260411T103533Z_908705d2,noise_robustness,medium,white,20.0,providers/google_cloud,accurate,google,batch,none,fleurs_en_us_621925716775998155,True,20th century research has shown that there are two poles of genetic variation hidden and expressed,twentieth century research has shown that there are two pools of genetic variation hidden and expressed,twentieth century research has shown that there are two pools of genetic variation hidden and expressed,20th century research has shown that there are two poles of genetic variation hidden and expressed,,,5.88,"{""cer"": 0.10227272727272728, ""estimated_cost_usd"": 0.0, ""failure_rate"": 0.0, ""per_utterance_latency_ms"": 1329.0773090557195, ""real_time_factor"": 0.22603355596185706, ""sample_accuracy"": 0.0, ""success_rate"": 1.0, ""total_latency_ms"": 1329.0773090557195, ""wer"": 0.125, ""confidence"": 0.8874347805976868, ""preprocess_ms"": 0.19904400687664747, ""inference_ms"": 1328.878145024646, ""postprocess_ms"": 0.0001200241968035698, ""model_load_ms"": 3.20665, ""provider_init_cold_start"": true, ""provider_init_warm_start"": false, ""provider_call_cold_start"": false, ""provider_call_warm_start"": true, ""provider_invocation_index"": 8, ""cpu_percent"": 25.3, ""memory_mb"": 190.67578125, ""gpu_util_percent"": 5.0, ""gpu_memory_mb"": 700.0}",0.10227272727272728,0.8874347805976868,25.3,0.0,0.0,700.0,5.0,1328.878145024646,190.67578125,3.20665,1329.0773090557195,0.0001200241968035698,0.19904400687664747,False,True,True,False,8,0.22603355596185706,0.0,1.0,1329.0773090557195,0.125,16,88,2,9,False,0.125,0.10227272727272728
bench_20260411T103533Z_908705d2,noise_robustness,heavy,white,10.0,providers/google_cloud,accurate,google,batch,none,fleurs_en_us_621925716775998155,True,20th century research has shown that there are two pools of genetic variation written and expressed,twentieth century research has shown that there are two pools of genetic variation hidden and expressed,twentieth century research has shown that there are two pools of genetic variation hidden and expressed,20th century research has shown that there are two pools of genetic variation written and expressed,,,5.88,"{""cer"": 0.125, ""estimated_cost_usd"": 0.0, ""failure_rate"": 0.0, ""per_utterance_latency_ms"": 1259.858832025202, ""real_time_factor"": 0.21426170612673504, ""sample_accuracy"": 0.0, ""success_rate"": 1.0, ""total_latency_ms"": 1259.858832025202, ""wer"": 0.125, ""confidence"": 0.8832409977912903, ""preprocess_ms"": 0.21803000709041953, ""inference_ms"": 1259.6406710217707, ""postprocess_ms"": 0.0001309963408857584, ""model_load_ms"": 3.20665, ""provider_init_cold_start"": true, ""provider_init_warm_start"": false, ""provider_call_cold_start"": false, ""provider_call_warm_start"": true, ""provider_invocation_index"": 9, ""cpu_percent"": 10.0, ""memory_mb"": 190.67578125, ""gpu_util_percent"": 5.0, ""gpu_memory_mb"": 702.0}",0.125,0.8832409977912903,10.0,0.0,0.0,702.0,5.0,1259.6406710217707,190.67578125,3.20665,1259.858832025202,0.0001309963408857584,0.21803000709041953,False,True,True,False,9,0.21426170612673504,0.0,1.0,1259.858832025202,0.125,16,88,2,11,False,0.125,0.125
bench_20260411T103533Z_908705d2,noise_robustness,extreme,white,0.0,providers/google_cloud,accurate,google,batch,none,fleurs_en_us_621925716775998155,True,10th Century research has shown that there are two four systematic variation hidden and express,twentieth century research has shown that there are two pools of genetic variation hidden and expressed,twentieth century research has shown that there are two pools of genetic variation hidden and expressed,10th century research has shown that there are two four systematic variation hidden and express,,,5.88,"{""cer"": 0.19318181818181818, ""estimated_cost_usd"": 0.0, ""failure_rate"": 0.0, ""per_utterance_latency_ms"": 1545.73920997791, ""real_time_factor"": 0.2628808180234541, ""sample_accuracy"": 0.0, ""success_rate"": 1.0, ""total_latency_ms"": 1545.73920997791, ""wer"": 0.3125, ""confidence"": 0.7142869830131531, ""preprocess_ms"": 0.3628720005508512, ""inference_ms"": 1545.3762379765976, ""postprocess_ms"": 0.000100000761449337, ""model_load_ms"": 3.20665, ""provider_init_cold_start"": true, ""provider_init_warm_start"": false, ""provider_call_cold_start"": false, ""provider_call_warm_start"": true, ""provider_invocation_index"": 10, ""cpu_percent"": 12.2, ""memory_mb"": 190.67578125, ""gpu_util_percent"": 0.0, ""gpu_memory_mb"": 737.0}",0.19318181818181818,0.7142869830131531,12.2,0.0,0.0,737.0,0.0,1545.3762379765976,190.67578125,3.20665,1545.73920997791,0.000100000761449337,0.3628720005508512,False,True,True,False,10,0.2628808180234541,0.0,1.0,1545.73920997791,0.3125,16,88,5,17,False,0.3125,0.19318181818181818
bench_20260411T103533Z_908705d2,noise_robustness,clean,none,,providers/vosk_local,en_small,vosk,batch,none,fleurs_en_us_12741024238657315067,True,unfortunately standing traffic full is difficult because drive behavior cannot be predicted with one hundred percent certainty,unfortunately studying traffic flow is difficult because driver behavior cannot be predicted with one-hundred percent certainty,unfortunately studying traffic flow is difficult because driver behavior cannot be predicted with onehundred percent certainty,unfortunately standing traffic full is difficult because drive behavior cannot be predicted with one hundred percent certainty,,,12.64,"{""cer"": 0.06306306306306306, ""estimated_cost_usd"": 0.0, ""failure_rate"": 0.0, ""per_utterance_latency_ms"": 1732.0357050048187, ""real_time_factor"": 0.13702814121873566, ""sample_accuracy"": 0.0, ""success_rate"": 1.0, ""total_latency_ms"": 1732.0357050048187, ""wer"": 0.3125, ""confidence"": 0.9128522941176471, ""preprocess_ms"": 459.7175880044233, ""inference_ms"": 1272.2399299964309, ""postprocess_ms"": 0.07818700396455824, ""model_load_ms"": 3.144442, ""provider_init_cold_start"": true, ""provider_init_warm_start"": false, ""provider_call_cold_start"": true, ""provider_call_warm_start"": false, ""provider_invocation_index"": 1, ""cpu_percent"": 16.7, ""memory_mb"": 347.58984375, ""gpu_util_percent"": 0.0, ""gpu_memory_mb"": 722.0}",0.06306306306306306,0.9128522941176471,16.7,0.0,0.0,722.0,0.0,1272.2399299964309,347.58984375,3.144442,1732.0357050048187,0.07818700396455824,459.7175880044233,True,False,True,False,1,0.13702814121873566,0.0,1.0,1732.0357050048187,0.3125,16,111,5,7,False,0.3125,0.06306306306306306
bench_20260411T103533Z_908705d2,noise_robustness,light,white,30.0,providers/vosk_local,en_small,vosk,batch,none,fleurs_en_us_12741024238657315067,True,unfortunately standing traffic full is difficult because drive behavior cannot be predicted with one hundred percent certainty,unfortunately studying traffic flow is difficult because driver behavior cannot be predicted with one-hundred percent certainty,unfortunately studying traffic flow is difficult because driver behavior cannot be predicted with onehundred percent certainty,unfortunately standing traffic full is difficult because drive behavior cannot be predicted with one hundred percent certainty,,,12.64,"{""cer"": 0.06306306306306306, ""estimated_cost_usd"": 0.0, ""failure_rate"": 0.0, ""per_utterance_latency_ms"": 1253.9545470208395, ""real_time_factor"": 0.09920526479595249, ""sample_accuracy"": 0.0, ""success_rate"": 1.0, ""total_latency_ms"": 1253.9545470208395, ""wer"": 0.3125, ""confidence"": 0.9208334705882353, ""preprocess_ms"": 0.01111102756112814, ""inference_ms"": 1253.8377069868147, ""postprocess_ms"": 0.10572900646366179, ""model_load_ms"": 3.144442, ""provider_init_cold_start"": true, ""provider_init_warm_start"": false, ""provider_call_cold_start"": false, ""provider_call_warm_start"": true, ""provider_invocation_index"": 2, ""cpu_percent"": 10.1, ""memory_mb"": 355.8984375, ""gpu_util_percent"": 0.0, ""gpu_memory_mb"": 708.0}",0.06306306306306306,0.9208334705882353,10.1,0.0,0.0,708.0,0.0,1253.8377069868147,355.8984375,3.144442,1253.9545470208395,0.10572900646366179,0.01111102756112814,False,True,True,False,2,0.09920526479595249,0.0,1.0,1253.9545470208395,0.3125,16,111,5,7,False,0.3125,0.06306306306306306
bench_20260411T103533Z_908705d2,noise_robustness,medium,white,20.0,providers/vosk_local,en_small,vosk,batch,none,fleurs_en_us_12741024238657315067,True,unfortunately standing traffic for is difficult because drive behavior cannot be predicted one hundred percent certainty,unfortunately studying traffic flow is difficult because driver behavior cannot be predicted with one-hundred percent certainty,unfortunately studying traffic flow is difficult because driver behavior cannot be predicted with onehundred percent certainty,unfortunately standing traffic for is difficult because drive behavior cannot be predicted one hundred percent certainty,,,12.64,"{""cer"": 0.09009009009009009, ""estimated_cost_usd"": 0.0, ""failure_rate"": 0.0, ""per_utterance_latency_ms"": 1287.009151041275, ""real_time_factor"": 0.10182034422794896, ""sample_accuracy"": 0.0, ""success_rate"": 1.0, ""total_latency_ms"": 1287.009151041275, ""wer"": 0.3125, ""confidence"": 0.91942425, ""preprocess_ms"": 0.009498005965724587, ""inference_ms"": 1286.92818901618, ""postprocess_ms"": 0.07146401912905276, ""model_load_ms"": 3.144442, ""provider_init_cold_start"": true, ""provider_init_warm_start"": false, ""provider_call_cold_start"": false, ""provider_call_warm_start"": true, ""provider_invocation_index"": 3, ""cpu_percent"": 10.0, ""memory_mb"": 356.33984375, ""gpu_util_percent"": 0.0, ""gpu_memory_mb"": 703.0}",0.09009009009009009,0.91942425,10.0,0.0,0.0,703.0,0.0,1286.92818901618,356.33984375,3.144442,1287.009151041275,0.07146401912905276,0.009498005965724587,False,True,True,False,3,0.10182034422794896,0.0,1.0,1287.009151041275,0.3125,16,111,5,10,False,0.3125,0.09009009009009009
bench_20260411T103533Z_908705d2,noise_robustness,heavy,white,10.0,providers/vosk_local,en_small,vosk,batch,none,fleurs_en_us_12741024238657315067,True,unfortunately in traffic for is difficult because drive behavior cannot be predicted one hundred percent certain,unfortunately studying traffic flow is difficult because driver behavior cannot be predicted with one-hundred percent certainty,unfortunately studying traffic flow is difficult because driver behavior cannot be predicted with onehundred percent certainty,unfortunately in traffic for is difficult because drive behavior cannot be predicted one hundred percent certain,,,12.64,"{""cer"": 0.13513513513513514, ""estimated_cost_usd"": 0.0, ""failure_rate"": 0.0, ""per_utterance_latency_ms"": 1419.5549430151004, ""real_time_factor"": 0.11230656194739719, ""sample_accuracy"": 0.0, ""success_rate"": 1.0, ""total_latency_ms"": 1419.5549430151004, ""wer"": 0.375, ""confidence"": 0.87463375, ""preprocess_ms"": 0.009167008101940155, ""inference_ms"": 1419.4458679994568, ""postprocess_ms"": 0.0999080075416714, ""model_load_ms"": 3.144442, ""provider_init_cold_start"": true, ""provider_init_warm_start"": false, ""provider_call_cold_start"": false, ""provider_call_warm_start"": true, ""provider_invocation_index"": 4, ""cpu_percent"": 12.5, ""memory_mb"": 361.65625, ""gpu_util_percent"": 0.0, ""gpu_memory_mb"": 702.0}",0.13513513513513514,0.87463375,12.5,0.0,0.0,702.0,0.0,1419.4458679994568,361.65625,3.144442,1419.5549430151004,0.0999080075416714,0.009167008101940155,False,True,True,False,4,0.11230656194739719,0.0,1.0,1419.5549430151004,0.375,16,111,6,15,False,0.375,0.13513513513513514
bench_20260411T103533Z_908705d2,noise_robustness,extreme,white,0.0,providers/vosk_local,en_small,vosk,batch,none,fleurs_en_us_12741024238657315067,True,unfortunately staying with the right one hundred and thirty,unfortunately studying traffic flow is difficult because driver behavior cannot be predicted with one-hundred percent certainty,unfortunately studying traffic flow is difficult because driver behavior cannot be predicted with onehundred percent certainty,unfortunately staying with the right one hundred and thirty,,,12.64,"{""cer"": 0.6126126126126126, ""estimated_cost_usd"": 0.0, ""failure_rate"": 0.0, ""per_utterance_latency_ms"": 2253.313185967272, ""real_time_factor"": 0.17826844825690444, ""sample_accuracy"": 0.0, ""success_rate"": 1.0, ""total_latency_ms"": 2253.313185967272, ""wer"": 0.9375, ""confidence"": 0.8097516666666666, ""preprocess_ms"": 0.015038007404655218, ""inference_ms"": 2253.160829975968, ""postprocess_ms"": 0.13731798389926553, ""model_load_ms"": 3.144442, ""provider_init_cold_start"": true, ""provider_init_warm_start"": false, ""provider_call_cold_start"": false, ""provider_call_warm_start"": true, ""provider_invocation_index"": 5, ""cpu_percent"": 10.0, ""memory_mb"": 370.57421875, ""gpu_util_percent"": 0.0, ""gpu_memory_mb"": 702.0}",0.6126126126126126,0.8097516666666666,10.0,0.0,0.0,702.0,0.0,2253.160829975968,370.57421875,3.144442,2253.313185967272,0.13731798389926553,0.015038007404655218,False,True,True,False,5,0.17826844825690444,0.0,1.0,2253.313185967272,0.9375,16,111,15,68,False,0.9375,0.6126126126126126
bench_20260411T103533Z_908705d2,noise_robustness,clean,none,,providers/vosk_local,en_small,vosk,batch,none,fleurs_en_us_621925716775998155,True,century research has shown that there are two was of genetic variation in and express,twentieth century research has shown that there are two pools of genetic variation hidden and expressed,twentieth century research has shown that there are two pools of genetic variation hidden and expressed,century research has shown that there are two was of genetic variation in and express,,,5.88,"{""cer"": 0.2159090909090909, ""estimated_cost_usd"": 0.0, ""failure_rate"": 0.0, ""per_utterance_latency_ms"": 987.2593949839938, ""real_time_factor"": 0.1679012576503391, ""sample_accuracy"": 0.0, ""success_rate"": 1.0, ""total_latency_ms"": 987.2593949839938, ""wer"": 0.25, ""confidence"": 0.8524110666666667, ""preprocess_ms"": 0.005880981916561723, ""inference_ms"": 987.180616997648, ""postprocess_ms"": 0.07289700442925096, ""model_load_ms"": 3.144442, ""provider_init_cold_start"": true, ""provider_init_warm_start"": false, ""provider_call_cold_start"": false, ""provider_call_warm_start"": true, ""provider_invocation_index"": 6, ""cpu_percent"": 11.1, ""memory_mb"": 370.57421875, ""gpu_util_percent"": 0.0, ""gpu_memory_mb"": 702.0}",0.2159090909090909,0.8524110666666667,11.1,0.0,0.0,702.0,0.0,987.180616997648,370.57421875,3.144442,987.2593949839938,0.07289700442925096,0.005880981916561723,False,True,True,False,6,0.1679012576503391,0.0,1.0,987.2593949839938,0.25,16,88,4,19,False,0.25,0.2159090909090909
bench_20260411T103533Z_908705d2,noise_robustness,light,white,30.0,providers/vosk_local,en_small,vosk,batch,none,fleurs_en_us_621925716775998155,True,research has shown that there was a genetic variation in and expressed,twentieth century research has shown that there are two pools of genetic variation hidden and expressed,twentieth century research has shown that there are two pools of genetic variation hidden and expressed,research has shown that there was a genetic variation in and expressed,,,5.88,"{""cer"": 0.3522727272727273, ""estimated_cost_usd"": 0.0, ""failure_rate"": 0.0, ""per_utterance_latency_ms"": 1093.0294169811532, ""real_time_factor"": 0.18588935662944783, ""sample_accuracy"": 0.0, ""success_rate"": 1.0, ""total_latency_ms"": 1093.0294169811532, ""wer"": 0.4375, ""confidence"": 0.8927659166666667, ""preprocess_ms"": 0.008104980224743485, ""inference_ms"": 1092.8902060259134, ""postprocess_ms"": 0.13110597501508892, ""model_load_ms"": 3.144442, ""provider_init_cold_start"": true, ""provider_init_warm_start"": false, ""provider_call_cold_start"": false, ""provider_call_warm_start"": true, ""provider_invocation_index"": 7, ""cpu_percent"": 7.7, ""memory_mb"": 370.578125, ""gpu_util_percent"": 0.0, ""gpu_memory_mb"": 702.0}",0.3522727272727273,0.8927659166666667,7.7,0.0,0.0,702.0,0.0,1092.8902060259134,370.578125,3.144442,1093.0294169811532,0.13110597501508892,0.008104980224743485,False,True,True,False,7,0.18588935662944783,0.0,1.0,1093.0294169811532,0.4375,16,88,7,31,False,0.4375,0.3522727272727273
bench_20260411T103533Z_908705d2,noise_robustness,medium,white,20.0,providers/vosk_local,en_small,vosk,batch,none,fleurs_en_us_621925716775998155,True,century research has shown that there was a genetic variation in and express,twentieth century research has shown that there are two pools of genetic variation hidden and expressed,twentieth century research has shown that there are two pools of genetic variation hidden and expressed,century research has shown that there was a genetic variation in and express,,,5.88,"{""cer"": 0.29545454545454547, ""estimated_cost_usd"": 0.0, ""failure_rate"": 0.0, ""per_utterance_latency_ms"": 1124.5409830007702, ""real_time_factor"": 0.19124846649672964, ""sample_accuracy"": 0.0, ""success_rate"": 1.0, ""total_latency_ms"": 1124.5409830007702, ""wer"": 0.4375, ""confidence"": 0.907219076923077, ""preprocess_ms"": 0.01813398557715118, ""inference_ms"": 1124.439102015458, ""postprocess_ms"": 0.08374699973501265, ""model_load_ms"": 3.144442, ""provider_init_cold_start"": true, ""provider_init_warm_start"": false, ""provider_call_cold_start"": false, ""provider_call_warm_start"": true, ""provider_invocation_index"": 8, ""cpu_percent"": 18.8, ""memory_mb"": 370.578125, ""gpu_util_percent"": 0.0, ""gpu_memory_mb"": 702.0}",0.29545454545454547,0.907219076923077,18.8,0.0,0.0,702.0,0.0,1124.439102015458,370.578125,3.144442,1124.5409830007702,0.08374699973501265,0.01813398557715118,False,True,True,False,8,0.19124846649672964,0.0,1.0,1124.5409830007702,0.4375,16,88,7,26,False,0.4375,0.29545454545454547
bench_20260411T103533Z_908705d2,noise_robustness,heavy,white,10.0,providers/vosk_local,en_small,vosk,batch,none,fleurs_en_us_621925716775998155,False,,twentieth century research has shown that there are two pools of genetic variation hidden and expressed,twentieth century research has shown that there are two pools of genetic variation hidden and expressed,,empty_transcript,Provider returned an empty transcript.,5.88,"{""cer"": 1.0, ""estimated_cost_usd"": 0.0, ""failure_rate"": 1.0, ""per_utterance_latency_ms"": 566.3964539708104, ""real_time_factor"": 0.09632592754605619, ""sample_accuracy"": 0.0, ""success_rate"": 0.0, ""total_latency_ms"": 566.3964539708104, ""wer"": 1.0, ""confidence"": 0.0, ""preprocess_ms"": 0.007683993317186832, ""inference_ms"": 566.28908298444, ""postprocess_ms"": 0.09968699305318296, ""model_load_ms"": 3.144442, ""provider_init_cold_start"": true, ""provider_init_warm_start"": false, ""provider_call_cold_start"": false, ""provider_call_warm_start"": true, ""provider_invocation_index"": 9, ""cpu_percent"": 11.4, ""memory_mb"": 370.578125, ""gpu_util_percent"": 0.0, ""gpu_memory_mb"": 702.0}",1.0,0.0,11.4,0.0,1.0,702.0,0.0,566.28908298444,370.578125,3.144442,566.3964539708104,0.09968699305318296,0.007683993317186832,False,True,True,False,9,0.09632592754605619,0.0,0.0,566.3964539708104,1.0,16,88,16,88,False,1.0,1.0
bench_20260411T103533Z_908705d2,noise_robustness,extreme,white,0.0,providers/vosk_local,en_small,vosk,batch,none,fleurs_en_us_621925716775998155,False,,twentieth century research has shown that there are two pools of genetic variation hidden and expressed,twentieth century research has shown that there are two pools of genetic variation hidden and expressed,,empty_transcript,Provider returned an empty transcript.,5.88,"{""cer"": 1.0, ""estimated_cost_usd"": 0.0, ""failure_rate"": 1.0, ""per_utterance_latency_ms"": 459.7885200055316, ""real_time_factor"": 0.07819532653155299, ""sample_accuracy"": 0.0, ""success_rate"": 0.0, ""total_latency_ms"": 459.7885200055316, ""wer"": 1.0, ""confidence"": 0.0, ""preprocess_ms"": 0.00786499003879726, ""inference_ms"": 459.69488300033845, ""postprocess_ms"": 0.08577201515436172, ""model_load_ms"": 3.144442, ""provider_init_cold_start"": true, ""provider_init_warm_start"": false, ""provider_call_cold_start"": false, ""provider_call_warm_start"": true, ""provider_invocation_index"": 10, ""cpu_percent"": 8.7, ""memory_mb"": 370.578125, ""gpu_util_percent"": 0.0, ""gpu_memory_mb"": 702.0}",1.0,0.0,8.7,0.0,1.0,702.0,0.0,459.69488300033845,370.578125,3.144442,459.7885200055316,0.08577201515436172,0.00786499003879726,False,True,True,False,10,0.07819532653155299,0.0,0.0,459.7885200055316,1.0,16,88,16,88,False,1.0,1.0
bench_20260411T103533Z_908705d2,noise_robustness,clean,none,,providers/whisper_local,accurate,whisper,batch,none,fleurs_en_us_12741024238657315067,True,"Unfortunately, stunning traffic flow is difficult because driver behavior cannot be predicted with 100% certainty.",unfortunately studying traffic flow is difficult because driver behavior cannot be predicted with one-hundred percent certainty,unfortunately studying traffic flow is difficult because driver behavior cannot be predicted with onehundred percent certainty,unfortunately stunning traffic flow is difficult because driver behavior cannot be predicted with 100 certainty,,,12.64,"{""cer"": 0.17117117117117117, ""estimated_cost_usd"": 0.0, ""failure_rate"": 0.0, ""per_utterance_latency_ms"": 10572.058913006913, ""real_time_factor"": 0.8363970659024456, ""sample_accuracy"": 0.0, ""success_rate"": 1.0, ""total_latency_ms"": 10572.058913006913, ""wer"": 0.1875, ""confidence"": 0.9226539763851442, ""preprocess_ms"": 8134.316472016508, ""inference_ms"": 2437.107265985105, ""postprocess_ms"": 0.6351750052999705, ""model_load_ms"": 6.817918, ""provider_init_cold_start"": true, ""provider_init_warm_start"": false, ""provider_call_cold_start"": true, ""provider_call_warm_start"": false, ""provider_invocation_index"": 1, ""cpu_percent"": 10.0, ""memory_mb"": 1354.58984375, ""gpu_util_percent"": 0.0, ""gpu_memory_mb"": 702.0}",0.17117117117117117,0.9226539763851442,10.0,0.0,0.0,702.0,0.0,2437.107265985105,1354.58984375,6.817918,10572.058913006913,0.6351750052999705,8134.316472016508,True,False,True,False,1,0.8363970659024456,0.0,1.0,10572.058913006913,0.1875,16,111,3,19,False,0.1875,0.17117117117117117
bench_20260411T103533Z_908705d2,noise_robustness,light,white,30.0,providers/whisper_local,accurate,whisper,batch,none,fleurs_en_us_12741024238657315067,True,"Unfortunately, stunning traffic flow is difficult because driver behavior cannot be predicted with 100% certainty.",unfortunately studying traffic flow is difficult because driver behavior cannot be predicted with one-hundred percent certainty,unfortunately studying traffic flow is difficult because driver behavior cannot be predicted with onehundred percent certainty,unfortunately stunning traffic flow is difficult because driver behavior cannot be predicted with 100 certainty,,,12.64,"{""cer"": 0.17117117117117117, ""estimated_cost_usd"": 0.0, ""failure_rate"": 0.0, ""per_utterance_latency_ms"": 2142.182558978675, ""real_time_factor"": 0.16947646827362933, ""sample_accuracy"": 0.0, ""success_rate"": 1.0, ""total_latency_ms"": 2142.182558978675, ""wer"": 0.1875, ""confidence"": 0.9325692318775803, ""preprocess_ms"": 0.009718001820147038, ""inference_ms"": 2142.0744359784294, ""postprocess_ms"": 0.0984049984253943, ""model_load_ms"": 6.817918, ""provider_init_cold_start"": true, ""provider_init_warm_start"": false, ""provider_call_cold_start"": false, ""provider_call_warm_start"": true, ""provider_invocation_index"": 2, ""cpu_percent"": 10.0, ""memory_mb"": 1356.51171875, ""gpu_util_percent"": 0.0, ""gpu_memory_mb"": 702.0}",0.17117117117117117,0.9325692318775803,10.0,0.0,0.0,702.0,0.0,2142.0744359784294,1356.51171875,6.817918,2142.182558978675,0.0984049984253943,0.009718001820147038,False,True,True,False,2,0.16947646827362933,0.0,1.0,2142.182558978675,0.1875,16,111,3,19,False,0.1875,0.17117117117117117
bench_20260411T103533Z_908705d2,noise_robustness,medium,white,20.0,providers/whisper_local,accurate,whisper,batch,none,fleurs_en_us_12741024238657315067,True,"Unfortunately, stunning traffic flow is difficult because driver behavior cannot be predicted with 100% certainty.",unfortunately studying traffic flow is difficult because driver behavior cannot be predicted with one-hundred percent certainty,unfortunately studying traffic flow is difficult because driver behavior cannot be predicted with onehundred percent certainty,unfortunately stunning traffic flow is difficult because driver behavior cannot be predicted with 100 certainty,,,12.64,"{""cer"": 0.17117117117117117, ""estimated_cost_usd"": 0.0, ""failure_rate"": 0.0, ""per_utterance_latency_ms"": 2180.6109020253643, ""real_time_factor"": 0.1725166852868168, ""sample_accuracy"": 0.0, ""success_rate"": 1.0, ""total_latency_ms"": 2180.6109020253643, ""wer"": 0.1875, ""confidence"": 0.9340858060092742, ""preprocess_ms"": 0.0073830015026032925, ""inference_ms"": 2180.500144022517, ""postprocess_ms"": 0.1033750013448298, ""model_load_ms"": 6.817918, ""provider_init_cold_start"": true, ""provider_init_warm_start"": false, ""provider_call_cold_start"": false, ""provider_call_warm_start"": true, ""provider_invocation_index"": 3, ""cpu_percent"": 10.0, ""memory_mb"": 1356.515625, ""gpu_util_percent"": 0.0, ""gpu_memory_mb"": 702.0}",0.17117117117117117,0.9340858060092742,10.0,0.0,0.0,702.0,0.0,2180.500144022517,1356.515625,6.817918,2180.6109020253643,0.1033750013448298,0.0073830015026032925,False,True,True,False,3,0.1725166852868168,0.0,1.0,2180.6109020253643,0.1875,16,111,3,19,False,0.1875,0.17117117117117117
bench_20260411T103533Z_908705d2,noise_robustness,heavy,white,10.0,providers/whisper_local,accurate,whisper,batch,none,fleurs_en_us_12741024238657315067,True,"Unfortunately, stunning traffic flow is difficult because driver behavior cannot be predicted with 100% certainty.",unfortunately studying traffic flow is difficult because driver behavior cannot be predicted with one-hundred percent certainty,unfortunately studying traffic flow is difficult because driver behavior cannot be predicted with onehundred percent certainty,unfortunately stunning traffic flow is difficult because driver behavior cannot be predicted with 100 certainty,,,12.64,"{""cer"": 0.17117117117117117, ""estimated_cost_usd"": 0.0, ""failure_rate"": 0.0, ""per_utterance_latency_ms"": 2171.448982990114, ""real_time_factor"": 0.17179184992010396, ""sample_accuracy"": 0.0, ""success_rate"": 1.0, ""total_latency_ms"": 2171.448982990114, ""wer"": 0.1875, ""confidence"": 0.9166217000876072, ""preprocess_ms"": 0.007885013474151492, ""inference_ms"": 2171.3501369813457, ""postprocess_ms"": 0.09096099529415369, ""model_load_ms"": 6.817918, ""provider_init_cold_start"": true, ""provider_init_warm_start"": false, ""provider_call_cold_start"": false, ""provider_call_warm_start"": true, ""provider_invocation_index"": 4, ""cpu_percent"": 10.0, ""memory_mb"": 1356.51953125, ""gpu_util_percent"": 0.0, ""gpu_memory_mb"": 702.0}",0.17117117117117117,0.9166217000876072,10.0,0.0,0.0,702.0,0.0,2171.3501369813457,1356.51953125,6.817918,2171.448982990114,0.09096099529415369,0.007885013474151492,False,True,True,False,4,0.17179184992010396,0.0,1.0,2171.448982990114,0.1875,16,111,3,19,False,0.1875,0.17117117117117117
bench_20260411T103533Z_908705d2,noise_robustness,extreme,white,0.0,providers/whisper_local,accurate,whisper,batch,none,fleurs_en_us_12741024238657315067,True,"Unfortunately, standing traffic flow is difficult because driver's behavior cannot be predicted with 100% circumference.",unfortunately studying traffic flow is difficult because driver behavior cannot be predicted with one-hundred percent certainty,unfortunately studying traffic flow is difficult because driver behavior cannot be predicted with onehundred percent certainty,unfortunately standing traffic flow is difficult because drivers behavior cannot be predicted with 100 circumference,,,12.64,"{""cer"": 0.21621621621621623, ""estimated_cost_usd"": 0.0, ""failure_rate"": 0.0, ""per_utterance_latency_ms"": 2197.885269037215, ""real_time_factor"": 0.1738833282466151, ""sample_accuracy"": 0.0, ""success_rate"": 1.0, ""total_latency_ms"": 2197.885269037215, ""wer"": 0.3125, ""confidence"": 0.7301930610786008, ""preprocess_ms"": 0.007985014235600829, ""inference_ms"": 2197.7879659971222, ""postprocess_ms"": 0.08931802585721016, ""model_load_ms"": 6.817918, ""provider_init_cold_start"": true, ""provider_init_warm_start"": false, ""provider_call_cold_start"": false, ""provider_call_warm_start"": true, ""provider_invocation_index"": 5, ""cpu_percent"": 9.0, ""memory_mb"": 1356.53125, ""gpu_util_percent"": 0.0, ""gpu_memory_mb"": 702.0}",0.21621621621621623,0.7301930610786008,9.0,0.0,0.0,702.0,0.0,2197.7879659971222,1356.53125,6.817918,2197.885269037215,0.08931802585721016,0.007985014235600829,False,True,True,False,5,0.1738833282466151,0.0,1.0,2197.885269037215,0.3125,16,111,5,24,False,0.3125,0.21621621621621623
bench_20260411T103533Z_908705d2,noise_robustness,clean,none,,providers/whisper_local,accurate,whisper,batch,none,fleurs_en_us_621925716775998155,True,"20th century research has shown that there are two pools of genetic variation, hidden and expressed.",twentieth century research has shown that there are two pools of genetic variation hidden and expressed,twentieth century research has shown that there are two pools of genetic variation hidden and expressed,20th century research has shown that there are two pools of genetic variation hidden and expressed,,,5.88,"{""cer"": 0.07954545454545454, ""estimated_cost_usd"": 0.0, ""failure_rate"": 0.0, ""per_utterance_latency_ms"": 2163.02967001684, ""real_time_factor"": 0.3678621887783742, ""sample_accuracy"": 0.0, ""success_rate"": 1.0, ""total_latency_ms"": 2163.02967001684, ""wer"": 0.0625, ""confidence"": 0.9402941743320322, ""preprocess_ms"": 0.005440000677481294, ""inference_ms"": 2162.9439190146513, ""postprocess_ms"": 0.08031100151129067, ""model_load_ms"": 6.817918, ""provider_init_cold_start"": true, ""provider_init_warm_start"": false, ""provider_call_cold_start"": false, ""provider_call_warm_start"": true, ""provider_invocation_index"": 6, ""cpu_percent"": 12.0, ""memory_mb"": 1356.546875, ""gpu_util_percent"": 0.0, ""gpu_memory_mb"": 702.0}",0.07954545454545454,0.9402941743320322,12.0,0.0,0.0,702.0,0.0,2162.9439190146513,1356.546875,6.817918,2163.02967001684,0.08031100151129067,0.005440000677481294,False,True,True,False,6,0.3678621887783742,0.0,1.0,2163.02967001684,0.0625,16,88,1,7,False,0.0625,0.07954545454545454
bench_20260411T103533Z_908705d2,noise_robustness,light,white,30.0,providers/whisper_local,accurate,whisper,batch,none,fleurs_en_us_621925716775998155,True,20th century research has shown that there are two pools of genetic variation hidden and expressed.,twentieth century research has shown that there are two pools of genetic variation hidden and expressed,twentieth century research has shown that there are two pools of genetic variation hidden and expressed,20th century research has shown that there are two pools of genetic variation hidden and expressed,,,5.88,"{""cer"": 0.07954545454545454, ""estimated_cost_usd"": 0.0, ""failure_rate"": 0.0, ""per_utterance_latency_ms"": 2183.8270450243726, ""real_time_factor"": 0.3713991573170702, ""sample_accuracy"": 0.0, ""success_rate"": 1.0, ""total_latency_ms"": 2183.8270450243726, ""wer"": 0.0625, ""confidence"": 0.9111338554143238, ""preprocess_ms"": 0.009718001820147038, ""inference_ms"": 2183.724994014483, ""postprocess_ms"": 0.09233300806954503, ""model_load_ms"": 6.817918, ""provider_init_cold_start"": true, ""provider_init_warm_start"": false, ""provider_call_cold_start"": false, ""provider_call_warm_start"": true, ""provider_invocation_index"": 7, ""cpu_percent"": 12.3, ""memory_mb"": 1355.34375, ""gpu_util_percent"": 0.0, ""gpu_memory_mb"": 703.0}",0.07954545454545454,0.9111338554143238,12.3,0.0,0.0,703.0,0.0,2183.724994014483,1355.34375,6.817918,2183.8270450243726,0.09233300806954503,0.009718001820147038,False,True,True,False,7,0.3713991573170702,0.0,1.0,2183.8270450243726,0.0625,16,88,1,7,False,0.0625,0.07954545454545454
bench_20260411T103533Z_908705d2,noise_robustness,medium,white,20.0,providers/whisper_local,accurate,whisper,batch,none,fleurs_en_us_621925716775998155,True,20th century research has shown that there are two pools of genetic variation hidden and expressed.,twentieth century research has shown that there are two pools of genetic variation hidden and expressed,twentieth century research has shown that there are two pools of genetic variation hidden and expressed,20th century research has shown that there are two pools of genetic variation hidden and expressed,,,5.88,"{""cer"": 0.07954545454545454, ""estimated_cost_usd"": 0.0, ""failure_rate"": 0.0, ""per_utterance_latency_ms"": 2169.475766044343, ""real_time_factor"": 0.3689584636129835, ""sample_accuracy"": 0.0, ""success_rate"": 1.0, ""total_latency_ms"": 2169.475766044343, ""wer"": 0.0625, ""confidence"": 0.9111338554143238, ""preprocess_ms"": 0.008246017387136817, ""inference_ms"": 2169.353185017826, ""postprocess_ms"": 0.11433500912971795, ""model_load_ms"": 6.817918, ""provider_init_cold_start"": true, ""provider_init_warm_start"": false, ""provider_call_cold_start"": false, ""provider_call_warm_start"": true, ""provider_invocation_index"": 8, ""cpu_percent"": 10.0, ""memory_mb"": 1355.34765625, ""gpu_util_percent"": 0.0, ""gpu_memory_mb"": 703.0}",0.07954545454545454,0.9111338554143238,10.0,0.0,0.0,703.0,0.0,2169.353185017826,1355.34765625,6.817918,2169.475766044343,0.11433500912971795,0.008246017387136817,False,True,True,False,8,0.3689584636129835,0.0,1.0,2169.475766044343,0.0625,16,88,1,7,False,0.0625,0.07954545454545454
bench_20260411T103533Z_908705d2,noise_robustness,heavy,white,10.0,providers/whisper_local,accurate,whisper,batch,none,fleurs_en_us_621925716775998155,True,"20th century research has shown that there are two pools of genetic variation, hidden and expressed.",twentieth century research has shown that there are two pools of genetic variation hidden and expressed,twentieth century research has shown that there are two pools of genetic variation hidden and expressed,20th century research has shown that there are two pools of genetic variation hidden and expressed,,,5.88,"{""cer"": 0.07954545454545454, ""estimated_cost_usd"": 0.0, ""failure_rate"": 0.0, ""per_utterance_latency_ms"": 2178.974850976374, ""real_time_factor"": 0.37057395424768264, ""sample_accuracy"": 0.0, ""success_rate"": 1.0, ""total_latency_ms"": 2178.974850976374, ""wer"": 0.0625, ""confidence"": 0.9050435429110246, ""preprocess_ms"": 0.007383991032838821, ""inference_ms"": 2178.8544339942746, ""postprocess_ms"": 0.11303299106657505, ""model_load_ms"": 6.817918, ""provider_init_cold_start"": true, ""provider_init_warm_start"": false, ""provider_call_cold_start"": false, ""provider_call_warm_start"": true, ""provider_invocation_index"": 9, ""cpu_percent"": 12.3, ""memory_mb"": 1355.34765625, ""gpu_util_percent"": 10.0, ""gpu_memory_mb"": 717.0}",0.07954545454545454,0.9050435429110246,12.3,0.0,0.0,717.0,10.0,2178.8544339942746,1355.34765625,6.817918,2178.974850976374,0.11303299106657505,0.007383991032838821,False,True,True,False,9,0.37057395424768264,0.0,1.0,2178.974850976374,0.0625,16,88,1,7,False,0.0625,0.07954545454545454
bench_20260411T103533Z_908705d2,noise_robustness,extreme,white,0.0,providers/whisper_local,accurate,whisper,batch,none,fleurs_en_us_621925716775998155,True,"20th century music has shown that they're a two-plus, it's another generation, pudding and express.",twentieth century research has shown that there are two pools of genetic variation hidden and expressed,twentieth century research has shown that there are two pools of genetic variation hidden and expressed,20th century music has shown that theyre a twoplus its another generation pudding and express,,,5.88,"{""cer"": 0.4318181818181818, ""estimated_cost_usd"": 0.0, ""failure_rate"": 0.0, ""per_utterance_latency_ms"": 2247.4373019940685, ""real_time_factor"": 0.38221722823028376, ""sample_accuracy"": 0.0, ""success_rate"": 1.0, ""total_latency_ms"": 2247.4373019940685, ""wer"": 0.6875, ""confidence"": 0.6561293333128297, ""preprocess_ms"": 0.007555005140602589, ""inference_ms"": 2247.342482995009, ""postprocess_ms"": 0.08726399391889572, ""model_load_ms"": 6.817918, ""provider_init_cold_start"": true, ""provider_init_warm_start"": false, ""provider_call_cold_start"": false, ""provider_call_warm_start"": true, ""provider_invocation_index"": 10, ""cpu_percent"": 11.2, ""memory_mb"": 1355.00390625, ""gpu_util_percent"": 0.0, ""gpu_memory_mb"": 690.0}",0.4318181818181818,0.6561293333128297,11.2,0.0,0.0,690.0,0.0,2247.342482995009,1355.00390625,6.817918,2247.4373019940685,0.08726399391889572,0.007555005140602589,False,True,True,False,10,0.38221722823028376,0.0,1.0,2247.4373019940685,0.6875,16,88,11,38,False,0.6875,0.4318181818181818
